"HistÃ³ria por trÃ¡s de cada sobrenome,"
""
""
""
"ğŸ‡³ğŸ‡¬ SOBRENOMES DA NIGÃ‰RIA â€” HISTÃ“RIA RESUMIDA"
"________________________________________"
"ğŸ”µ YORUBÃ"
"1. Adeyemi"
"â€¢	Origem: YorubÃ¡"
"â€¢	Significado: â€œA coroa me convÃ©mâ€"
"â€¢	HistÃ³ria: Ligado Ã  realeza e chefias tradicionais. Indica famÃ­lias prÃ³ximas a reis (ObÃ¡s)."
"â€¢	Marca cultural: Poder, lideranÃ§a e nobreza."
"________________________________________"
"2. Adebayo"
"â€¢	Origem: YorubÃ¡"
"â€¢	Significado: â€œA coroa encontrou alegriaâ€"
"â€¢	HistÃ³ria: Nome dado a crianÃ§as nascidas em tempos felizes ou de vitÃ³ria familiar."
"â€¢	Marca cultural: Prosperidade e bÃªnÃ§Ã£o."
"________________________________________"
"3. Ogunleye"
"â€¢	Origem: YorubÃ¡"
"â€¢	Significado: â€œO deus Ogun tem honraâ€"
"â€¢	HistÃ³ria: Relacionado ao orixÃ¡ Ogun (ferro, guerra, trabalho)."
"â€¢	Marca cultural: ForÃ§a, coragem e metalurgia."
"________________________________________"
"7. Balogun"
"â€¢	Origem: YorubÃ¡"
"â€¢	Significado: â€œChefe da guerraâ€"
"â€¢	HistÃ³ria: TÃ­tulo militar tradicional que virou sobrenome."
"â€¢	Marca cultural: EstratÃ©gia e lideranÃ§a militar."
"________________________________________"
"16. Olatunji"
"â€¢	Origem: YorubÃ¡"
"â€¢	Significado: â€œA riqueza renasceuâ€"
"â€¢	HistÃ³ria: Usado apÃ³s recuperaÃ§Ã£o financeira ou nascimento apÃ³s perdas."
"â€¢	Marca cultural: RenovaÃ§Ã£o e esperanÃ§a."
"________________________________________"
"17. Akinwale"
"â€¢	Origem: YorubÃ¡"
"â€¢	Significado: â€œO guerreiro chegou em casaâ€"
"â€¢	HistÃ³ria: Ligado a famÃ­lias de guerreiros e defensores da comunidade."
"â€¢	Marca cultural: Bravura e proteÃ§Ã£o."
"________________________________________"
"15. Salami"
"â€¢	Origem: YorubÃ¡ (influÃªncia islÃ¢mica)"
"â€¢	Significado: â€œPazâ€ (do Ã¡rabe Salaam)"
"â€¢	HistÃ³ria: Reflete a islamizaÃ§Ã£o parcial dos yorubÃ¡s."
"â€¢	Marca cultural: Sincretismo religioso."
"________________________________________"
"ğŸŸ¢ IGBO"
"4. Okafor"
"â€¢	Origem: Igbo"
"â€¢	Significado: â€œFilho de Afá»â€ (um dos dias do calendÃ¡rio Igbo)"
"â€¢	HistÃ³ria: Indica nascimento em um dia sagrado."
"â€¢	Marca cultural: Tempo, destino e tradiÃ§Ã£o."
"________________________________________"
"5. Okoye"
"â€¢	Origem: Igbo"
"â€¢	Significado: â€œFilho de Oyeâ€ (outro dia do calendÃ¡rio)"
"â€¢	HistÃ³ria: Muito comum entre clÃ£s tradicionais."
"â€¢	Marca cultural: Identidade ancestral."
"________________________________________"
"6. Obi"
"â€¢	Origem: Igbo"
"â€¢	Significado: â€œCoraÃ§Ã£oâ€ ou â€œCasa do lÃ­derâ€"
"â€¢	HistÃ³ria: Ligado Ã  chefia familiar ou centro da aldeia."
"â€¢	Marca cultural: Autoridade moral."
"________________________________________"
"18. Onyekachi"
"â€¢	Origem: Igbo"
"â€¢	Significado: â€œQuem Ã© maior que Deus?â€"
"â€¢	HistÃ³ria: Nome teolÃ³gico, expressa humildade."
"â€¢	Marca cultural: FÃ© e espiritualidade."
"________________________________________"
"19. Chukwu"
"â€¢	Origem: Igbo"
"â€¢	Significado: â€œDeus supremoâ€"
"â€¢	HistÃ³ria: Nome ligado Ã  crenÃ§a no deus criador."
"â€¢	Marca cultural: Religiosidade profunda."
"________________________________________"
"ğŸŸ¡ HAUSA / FULANI (InfluÃªncia IslÃ¢mica)"
"8. Lawal"
"â€¢	Origem: Hausa"
"â€¢	Significado: â€œO primeiroâ€"
"â€¢	HistÃ³ria: Usado para primogÃªnitos."
"â€¢	Marca cultural: LideranÃ§a familiar."
"________________________________________"
"9. Bello"
"â€¢	Origem: Hausa"
"â€¢	Significado: â€œAjudaâ€ ou â€œbÃªnÃ§Ã£oâ€"
"â€¢	HistÃ³ria: Popularizado por lÃ­deres islÃ¢micos histÃ³ricos."
"â€¢	Marca cultural: Autoridade religiosa."
"________________________________________"
"10. Musa"
"â€¢	Origem: Hausa / IslÃ¢mico"
"â€¢	Significado: â€œMoisÃ©sâ€"
"â€¢	HistÃ³ria: Forte ligaÃ§Ã£o com o IslÃ£."
"â€¢	Marca cultural: Profetismo e sabedoria."
"________________________________________"
"11. Abubakar"
"â€¢	Origem: Hausa / IslÃ¢mico"
"â€¢	Significado: â€œPai do camelo jovemâ€"
"â€¢	HistÃ³ria: Nome do primeiro califa do IslÃ£."
"â€¢	Marca cultural: LideranÃ§a e fÃ©."
"________________________________________"
"12. Sadiq"
"â€¢	Origem: Hausa / IslÃ¢mico"
"â€¢	Significado: â€œVerdadeiro, sinceroâ€"
"â€¢	HistÃ³ria: Nome com forte valor moral."
"â€¢	Marca cultural: Honestidade."
"________________________________________"
"13. Mohammed"
"â€¢	Origem: Hausa / IslÃ¢mico"
"â€¢	Significado: â€œO louvadoâ€"
"â€¢	HistÃ³ria: Nome do profeta do IslÃ£."
"â€¢	Marca cultural: DevoÃ§Ã£o religiosa."
"________________________________________"
"14. Danjuma"
"â€¢	Origem: Hausa"
"â€¢	Significado: â€œFilho da sexta-feiraâ€"
"â€¢	HistÃ³ria: Sexta-feira Ã© dia sagrado no IslÃ£."
"â€¢	Marca cultural: Espiritualidade e tradiÃ§Ã£o."
"________________________________________"
"20. Ibrahim"
"â€¢	Origem: Hausa / IslÃ¢mico"
"â€¢	Significado: â€œAbraÃ£oâ€"
"â€¢	HistÃ³ria: Patriarca bÃ­blico e islÃ¢mico."
"â€¢	Marca cultural: FÃ© e ancestralidade."
"ğŸ‡ªğŸ‡¹ SOBRENOMES / NOMES ETÃOPES (AMÃRICO & GEâ€™EZ)"
"Contexto geral:"
"A maioria vem do amÃ¡rico (lÃ­ngua oficial) e do geâ€™ez (lÃ­ngua litÃºrgica cristÃ£)."
"Muitos tÃªm forte ligaÃ§Ã£o com o Cristianismo EtÃ­ope, um dos mais antigos do mundo (sÃ©c. IV)."
"________________________________________"
"1. Mekonnen"
"â€¢	Significado: â€œO governadorâ€ / â€œO comandanteâ€"
"â€¢	HistÃ³ria: TÃ­tulo ligado Ã  nobreza e administraÃ§Ã£o imperial."
"â€¢	Marca cultural: LideranÃ§a e poder polÃ­tico."
"________________________________________"
"2. Tesfaye"
"â€¢	Significado: â€œMinha esperanÃ§aâ€"
"â€¢	HistÃ³ria: Nome dado em tempos difÃ­ceis."
"â€¢	Marca cultural: FÃ© e perseveranÃ§a."
"________________________________________"
"3. Bekele"
"â€¢	Significado: â€œEle floresceuâ€ / â€œProsperouâ€"
"â€¢	HistÃ³ria: Expressa vitÃ³ria apÃ³s desafios."
"â€¢	Marca cultural: SuperaÃ§Ã£o e crescimento."
"________________________________________"
"4. Alemayehu"
"â€¢	Significado: â€œEu vi o mundoâ€"
"â€¢	HistÃ³ria: Nome filosÃ³fico, ligado Ã  sabedoria."
"â€¢	Marca cultural: Conhecimento e experiÃªncia."
"________________________________________"
"5. Gebre"
"â€¢	Significado: â€œServo deâ€¦â€"
"â€¢	HistÃ³ria: Geralmente combinado com nomes sagrados (ex: Gebre Mariam)."
"â€¢	Marca cultural: DevoÃ§Ã£o religiosa."
"________________________________________"
"6. Abebe"
"â€¢	Significado: â€œFlorâ€"
"â€¢	HistÃ³ria: Nome associado Ã  beleza e renovaÃ§Ã£o."
"â€¢	Marca cultural: Vida e esperanÃ§a."
"________________________________________"
"7. Haile"
"â€¢	Significado: â€œPoderâ€ / â€œForÃ§aâ€"
"â€¢	HistÃ³ria: Muito usado por famÃ­lias ligadas ao impÃ©rio."
"â€¢	Marca cultural: Autoridade e forÃ§a espiritual."
"________________________________________"
"8. Assefa"
"â€¢	Significado: â€œEle ampliouâ€"
"â€¢	HistÃ³ria: Relacionado a crescimento e prosperidade."
"â€¢	Marca cultural: ExpansÃ£o e sucesso."
"________________________________________"
"9. Tadesse"
"â€¢	Significado: â€œRenovaÃ§Ã£oâ€"
"â€¢	HistÃ³ria: Nome ligado a recomeÃ§os."
"â€¢	Marca cultural: Continuidade da vida."
"________________________________________"
"10. Worku"
"â€¢	Significado: â€œOuroâ€"
"â€¢	HistÃ³ria: Representa algo precioso."
"â€¢	Marca cultural: Valor e honra."
"________________________________________"
"11. Desta"
"â€¢	Significado: â€œAlegriaâ€"
"â€¢	HistÃ³ria: Nome dado em celebraÃ§Ãµes familiares."
"â€¢	Marca cultural: Felicidade e gratidÃ£o."
"________________________________________"
"12. Yilma"
"â€¢	Significado: â€œEle sabeâ€"
"â€¢	HistÃ³ria: Associado Ã  inteligÃªncia."
"â€¢	Marca cultural: Sabedoria e discernimento."
"________________________________________"
"13. Endale"
"â€¢	Significado: â€œEu entregueiâ€"
"â€¢	HistÃ³ria: Nome de entrega espiritual."
"â€¢	Marca cultural: FÃ© profunda."
"________________________________________"
"14. Birhanu"
"â€¢	Significado: â€œMinha luzâ€"
"â€¢	HistÃ³ria: Forte simbolismo cristÃ£o."
"â€¢	Marca cultural: IluminaÃ§Ã£o espiritual."
"________________________________________"
"15. Kebede"
"â€¢	Significado: â€œEle honrouâ€"
"â€¢	HistÃ³ria: Associado a respeito e dignidade."
"â€¢	Marca cultural: Honra familiar."
"________________________________________"
"16. Getachew"
"â€¢	Significado: â€œServo do Senhorâ€"
"â€¢	HistÃ³ria: Nome religioso muito comum."
"â€¢	Marca cultural: Humildade e fÃ©."
"________________________________________"
"17. Wolde"
"â€¢	Significado: â€œFilho deâ€¦â€"
"â€¢	HistÃ³ria: Elemento patronÃ­mico clÃ¡ssico."
"â€¢	Marca cultural: Continuidade familiar."
"________________________________________"
"18. Solomon"
"â€¢	Significado: â€œPazâ€"
"â€¢	HistÃ³ria: Ligado Ã  tradiÃ§Ã£o do Rei SalomÃ£o na EtiÃ³pia."
"â€¢	Marca cultural: Sabedoria real."
"________________________________________"
"19. Yohannes"
"â€¢	Significado: â€œDeus Ã© graciosoâ€"
"â€¢	HistÃ³ria: Nome bÃ­blico muito popular."
"â€¢	Marca cultural: MisericÃ³rdia divina."
"________________________________________"
"20. Mulugeta"
"â€¢	Significado: â€œPlenitude do Senhorâ€"
"â€¢	HistÃ³ria: Expressa bÃªnÃ§Ã£o completa."
"â€¢	Marca cultural: GratidÃ£o e abundÃ¢ncia."
""
"ğŸ‡ªğŸ‡¬ EGITO (Ã¡rabe / islÃ¢mico / copta)"
"1.	Mohamed â€“ â€œO louvadoâ€; nome do profeta do IslÃ£; fÃ© e devoÃ§Ã£o."
"2.	Ahmed â€“ â€œO mais digno de louvorâ€; variante de Mohamed; tradiÃ§Ã£o religiosa."
"3.	Hassan â€“ â€œBom, beloâ€; ligado Ã  famÃ­lia do profeta."
"4.	Hussein â€“ â€œPequeno Hassanâ€; forte peso espiritual islÃ¢mico."
"5.	Ali â€“ â€œElevadoâ€; coragem e lideranÃ§a."
"6.	Ibrahim â€“ â€œAbraÃ£oâ€; patriarca bÃ­blico e islÃ¢mico."
"7.	Mahmoud â€“ â€œDigno de louvorâ€; gratidÃ£o a Deus."
"8.	Abdelrahman â€“ â€œServo do Misericordiosoâ€; devoÃ§Ã£o total."
"9.	Farouk â€“ â€œO que distingue o certo do erradoâ€; justiÃ§a."
"10.	Said â€“ â€œFeliz, afortunadoâ€; bom pressÃ¡gio."
"11.	Nasser â€“ â€œVitoriosoâ€; lideranÃ§a polÃ­tica (Nasser)."
"12.	Khalil â€“ â€œAmigo Ã­ntimoâ€; tÃ­tulo dado a AbraÃ£o."
"13.	Youssef â€“ â€œJosÃ©â€; paciÃªncia e sabedoria."
"14.	Fathi â€“ â€œAbertura, vitÃ³riaâ€; sucesso."
"15.	El-Sayed â€“ â€œO senhorâ€; respeito social."
"16.	Salem â€“ â€œPacÃ­ficoâ€; harmonia."
"17.	Ramadan â€“ Nascido no mÃªs sagrado; espiritualidade."
"18.	Zaki â€“ â€œPuroâ€; integridade moral."
"19.	Tawfik â€“ â€œSucesso concedido por Deusâ€."
"20.	Amin â€“ â€œConfiÃ¡velâ€; honestidade."
"________________________________________"
"ğŸ‡¿ğŸ‡¦ ÃFRICA DO SUL"
"Africanos (Zulu, Xhosa, Sotho)"
"1.	Dlamini â€“ ClÃ£ real zulu; autoridade."
"2.	Nkosi â€“ â€œRei/Senhorâ€; lideranÃ§a."
"3.	Mokoena â€“ ClÃ£ sotho; ancestralidade."
"4.	Zuma â€“ Ligado a linhagens zulu."
"5.	Khumalo â€“ ClÃ£ histÃ³rico zulu."
"6.	Ndlovu â€“ â€œElefanteâ€; forÃ§a."
"7.	Mthembu â€“ â€œConfianÃ§aâ€; proteÃ§Ã£o."
"8.	Sithole â€“ â€œAquele que se estabeleceâ€."
"9.	Mkhize â€“ ClÃ£ zulu antigo."
"10.	Maseko â€“ ClÃ£ guerreiro."
"Coloniais / DiÃ¡spora"
"11.	Van der Merwe â€“ HolandÃªs; colonizaÃ§Ã£o africÃ¢nder."
"12.	Botha â€“ AfricÃ¢nder; polÃ­tica colonial."
"13.	Pretorius â€“ AfricÃ¢nder; fundadores bÃ´eres."
"14.	De Klerk â€“ â€œO clÃ©rigoâ€; influÃªncia europeia."
"15.	Naidoo â€“ Indiana; migraÃ§Ã£o hindu."
"16.	Pillay â€“ Indiana tÃ¢mil."
"17.	Patel â€“ Indiana gujarati."
"18.	Jacobs â€“ BÃ­blico europeu."
"19.	Williams â€“ InglÃªs."
"20.	Smith â€“ Ocupacional europeu."
"________________________________________"
"ğŸ‡¨ğŸ‡© REP. DEMOCRÃTICA DO CONGO"
"1.	Tshisekedi â€“ â€œLÃ­der respeitadoâ€; poder polÃ­tico."
"2.	Kabila â€“ â€œHerdeiro da autoridadeâ€."
"3.	Lumumba â€“ â€œDigno, honradoâ€; sÃ­mbolo nacional."
"4.	Mukendi â€“ â€œO vencedorâ€."
"5.	Ilunga â€“ â€œEscolhidoâ€."
"6.	Kalala â€“ â€œPrÃ­ncipeâ€."
"7.	Mutombo â€“ â€œForÃ§aâ€."
"8.	Kabongo â€“ â€œCriadorâ€."
"9.	Bemba â€“ Nome clÃ¢nico."
"10.	Mbala â€“ â€œPoderâ€."
"11.	Mwamba â€“ â€œPedraâ€; firmeza."
"12.	Ngoy â€“ Identidade familiar."
"13.	Kasongo â€“ RegiÃ£o ancestral."
"14.	Lwamba â€“ â€œAquele que sustentaâ€."
"15.	Mbuyi â€“ â€œSenhorâ€."
"16.	Lufungula â€“ Rio/regiÃ£o."
"17.	Mayele â€“ â€œInteligenteâ€."
"18.	Kanku â€“ â€œProteÃ§Ã£oâ€."
"19.	Boloko â€“ ClÃ£ local."
"20.	Malonga â€“ â€œConstrutorâ€."
"________________________________________"
"ğŸ‡°ğŸ‡ª QUÃŠNIA"
"Kikuyu"
"1.	Mwangi â€“ â€œRÃ¡pidoâ€."
"2.	Wanjiku â€“ Nome feminino ancestral."
"3.	Kamau â€“ â€œGuerreiroâ€."
"4.	Kariuki â€“ â€œRenascidoâ€."
"5.	Njoroge â€“ â€œAquele que retornaâ€."
"6.	Kimani â€“ â€œO andarilhoâ€."
"Luo"
"7.	Odhiambo â€“ Nascido Ã  noite."
"8.	Onyango â€“ Nascido pela manhÃ£."
"9.	Ochieng â€“ Nascido ao sol."
"10.	Otieno â€“ Nascido Ã  noite."
"Kalenjin"
"11.	Kiptoo â€“ Nascido perto de objetos."
"12.	Kiplagat â€“ Nascido em local especial."
"13.	Korir â€“ Forte."
"14.	Cheruiyot â€“ BÃªnÃ§Ã£o."
"15.	Ruto â€“ ClÃ£ tradicional."
"16.	Bett â€“ Linhagem Kalenjin."
"17.	Sang â€“ ClÃ£."
"Outros"
"18.	Mutua â€“ â€œO nascidoâ€."
"19.	Musyoka â€“ ClÃ£ Kamba."
"20.	Kavindu â€“ Nome feminino ancestral."
"________________________________________"
"ğŸ‡¹ğŸ‡¿ TANZÃ‚NIA"
"1.	Mwakalinga â€“ â€œO protegidoâ€."
"2.	Mwinyi â€“ â€œGovernanteâ€."
"3.	Nyerere â€“ ClÃ£ histÃ³rico; independÃªncia."
"4.	Mushi â€“ ClÃ£ Chagga."
"5.	Ngassa â€“ Autoridade local."
"6.	Komba â€“ ClÃ£ costeiro."
"7.	Mtemi â€“ â€œChefeâ€."
"8.	Mgaya â€“ ClÃ£."
"9.	Chacha â€“ Identidade regional."
"10.	Mussa â€“ MoisÃ©s."
"11.	Salum â€“ Paz."
"12.	Hassan â€“ Bom."
"13.	Juma â€“ Sexta-feira."
"14.	Said â€“ Feliz."
"15.	Mzee â€“ â€œAnciÃ£oâ€."
"16.	Omari â€“ Vida longa."
"17.	Simba â€“ â€œLeÃ£oâ€."
"18.	Mbwana â€“ â€œSenhorâ€."
"19.	Kweka â€“ ClÃ£."
"20.	Abdallah â€“ Servo de Deus."
"________________________________________"
"ğŸ‡©ğŸ‡¿ ARGÃ‰LIA"
"1.	Benali â€“ â€œFilho de Aliâ€."
"2.	Boumediene â€“ â€œPai da fÃ©â€."
"3.	Bouteflika â€“ ClÃ£ regional."
"4.	Belkacem â€“ â€œServo do Generosoâ€."
"5.	Haddad â€“ Ferreiro."
"6.	Saidi â€“ â€œAfortunadoâ€."
"7.	Amari â€“ â€œConstrutorâ€."
"8.	Rahmani â€“ MisericÃ³rdia."
"9.	Zerrouki â€“ Origem berbere."
"10.	Khelifi â€“ Sucessor."
"11.	Cherif â€“ Descendente do profeta."
"12.	Bouazizi â€“ â€œPai do queridoâ€."
"13.	Mansouri â€“ â€œVitoriosoâ€."
"14.	Touati â€“ RegiÃ£o do deserto."
"15.	Hamdi â€“ Agradecido."
"16.	Lakhdar â€“ â€œVerdeâ€."
"17.	Youssef â€“ JosÃ©."
"18.	Ferhat â€“ Alegria."
"19.	Bensalem â€“ â€œFilho do pacÃ­ficoâ€."
"20.	Slimani â€“ ClÃ£ religioso."
"________________________________________"
"ğŸ‡²ğŸ‡¦ MARROCOS"
"1.	El Amrani â€“ ClÃ£ Ã¡rabe."
"2.	Benjelloun â€“ FamÃ­lia mercantil."
"3.	El Fassi â€“ Origem em Fez."
"4.	Chafik â€“ â€œCompassivoâ€."
"5.	Idrissi â€“ Descendentes de Idris I."
"6.	Benali â€“ Filho de Ali."
"7.	Bensouda â€“ FamÃ­lia urbana."
"8.	Kabbaj â€“ ComÃ©rcio."
"9.	Zayani â€“ ClÃ£ regional."
"10.	Lahlou â€“ â€œDoceâ€."
"11.	Ait Benhaddou â€“ Tribo berbere."
"12.	Ouarzazi â€“ RegiÃ£o do Atlas."
"13.	Berrada â€“ â€œFrioâ€."
"14.	Tazi â€“ De Taza."
"15.	Amine â€“ ConfiÃ¡vel."
"16.	Sefrioui â€“ Origem sefardita."
"17.	Chraibi â€“ ClÃ£."
"18.	Mouline â€“ â€œProprietÃ¡rioâ€."
"19.	Skalli â€“ ArtesÃ£os."
"20.	Filali â€“ Do Tafilalt."
"________________________________________"
"ğŸ‡¬ğŸ‡­ GANA (Akan, Ewe, Ga)"
"1.	Mensah â€“ Terceiro filho."
"2.	Owusu â€“ Forte."
"3.	Asante â€“ ImpÃ©rio Ashanti."
"4.	Boateng â€“ Guerreiro."
"5.	Osei â€“ Nobre."
"6.	Appiah â€“ Criado por Deus."
"7.	Agyeman â€“ Salvador."
"8.	Amoah â€“ Favor divino."
"9.	Adjei â€“ Rei."
"10.	Dankwa â€“ Inteligente."
"11.	Nyarko â€“ â€œPequenoâ€."
"12.	Addo â€“ PrimogÃªnito."
"13.	Afriyie â€“ Sol."
"14.	Badu â€“ DÃ©cimo filho."
"15.	Opoku â€“ Criado por Deus."
"16.	Frimpong â€“ Rico."
"17.	Kofi â€“ Nascido sexta."
"18.	Kwame â€“ Nascido sÃ¡bado."
"19.	Atta â€“ GÃªmeo."
"20.	Tetteh â€“ Terceiro gÃªmeo."
"________________________________________"
"ğŸ‡¦ğŸ‡´ ANGOLA"
"â€¢	Dos Santos, Da Silva, Pereira, Fernandes, GonÃ§alves, Rodrigues, Mateus, Domingos, Manuel, AntÃ³nio, Pacheco, Carvalho, Rocha, Almeida, Figueiredo"
"â†’ Sobrenomes portugueses (colonizaÃ§Ã£o)."
"11.	Lukombo â€“ ClÃ£ bantu."
"12.	Kiala â€“ â€œEsperanÃ§aâ€."
"13.	Mbala â€“ ForÃ§a."
"14.	Nzinga â€“ Realeza africana."
"15.	Kwanza â€“ Rio nacional."
"________________________________________"
"ğŸ‡²ğŸ‡¿ MOÃ‡AMBIQUE"
"1.	Machel â€“ ClÃ£; independÃªncia."
"2.	Chissano â€“ LideranÃ§a polÃ­tica."
"3.	Guebuza â€“ TradiÃ§Ã£o Makonde."
"4.	Mondlane â€“ Nacionalismo."
"5.	Matola â€“ RegiÃ£o."
"6.	Nhantumbo â€“ ClÃ£ local."
"7.	Macamo â€“ Chefe tradicional."
"8.	Muthemba â€“ ProteÃ§Ã£o."
"9.	Nhampossa â€“ ClÃ£."
"10.	Mabunda â€“ Guerreiro."
"11.	Abdul â€“ Servo."
"12.	Ismail â€“ FÃ© islÃ¢mica."
"13.	Omar â€“ Vida longa."
"14.	Ali â€“ Elevado."
"15.	Salimo â€“ Paz."
"16.	Da Costa, Ferreira, Pires, Sousa, Martins â€“ Portugueses."
"ğŸ‡©ğŸ‡ª ALEMANHA"
"1.	MÃ¼ller â€“ Vem de moleiro, quem trabalhava moendo grÃ£os nos moinhos medievais."
"2.	Schmidt â€“ Significa ferreiro, profissÃ£o essencial na Idade MÃ©dia."
"3.	Schneider â€“ Alfaiate, responsÃ¡vel por fazer roupas."
"4.	Fischer â€“ Pescador, comum em regiÃµes ribeirinhas."
"5.	Weber â€“ TecelÃ£o, ligado Ã  produÃ§Ã£o de tecidos."
"6.	Meyer â€“ Administrador de terras feudais."
"7.	Wagner â€“ Fabricante de carroÃ§as e rodas."
"8.	Becker â€“ Padeiro."
"9.	Hoffmann â€“ Morador ou administrador de uma fazenda (hof)."
"10.	Schulz â€“ Oficial local ou juiz comunitÃ¡rio."
"11.	Koch â€“ Cozinheiro."
"12.	Bauer â€“ CamponÃªs ou agricultor."
"13.	Richter â€“ Juiz."
"14.	Klein â€“ ReferÃªncia a alguÃ©m de baixa estatura."
"15.	Wolf â€“ Apelido ligado Ã  forÃ§a ou coragem."
"16.	SchrÃ¶der â€“ Alfaiate especializado em cortes finos."
"17.	Neumann â€“ â€œHomem novoâ€, recÃ©m-chegado Ã  vila."
"18.	Schwarz â€“ Pessoa de cabelo ou roupas escuras."
"19.	Zimmermann â€“ Carpinteiro."
"20.	Braun â€“ Pessoa de pele ou cabelo castanho."
"________________________________________"
"ğŸ‡«ğŸ‡· FRANÃ‡A"
"1.	Martin â€“ Nome cristÃ£o ligado a SÃ£o Martinho."
"2.	Bernard â€“ â€œForte como ursoâ€, origem germÃ¢nica."
"3.	Dubois â€“ â€œDo bosqueâ€, ligado ao local onde vivia."
"4.	Thomas â€“ Nome bÃ­blico, â€œgÃªmeoâ€."
"5.	Robert â€“ â€œGlÃ³ria brilhanteâ€."
"6.	Richard â€“ â€œGovernante forteâ€."
"7.	Petit â€“ Pessoa de baixa estatura."
"8.	Durand â€“ â€œResistente, durÃ¡velâ€."
"9.	Leroy â€“ â€œO reiâ€, tÃ­tulo simbÃ³lico ou servidor real."
"10.	Moreau â€“ Pessoa de pele ou cabelo escuro."
"11.	Simon â€“ Nome bÃ­blico."
"12.	Laurent â€“ Ligado Ã  cidade de Laurento (Roma)."
"13.	Lefebvre â€“ Ferreiro."
"14.	Michel â€“ â€œQuem Ã© como Deus?â€."
"15.	Garcia â€“ Origem espanhola, â€œvalenteâ€."
"16.	David â€“ Nome bÃ­blico, â€œamadoâ€."
"17.	Bertrand â€“ â€œCorvo brilhanteâ€, origem germÃ¢nica."
"18.	Roux â€“ Pessoa ruiva."
"19.	Vincent â€“ â€œVencedorâ€."
"20.	Fournier â€“ Padeiro, operador de forno."
"________________________________________"
"ğŸ‡®ğŸ‡¹ ITÃLIA"
"1.	Rossi â€“ Pessoa ruiva."
"2.	Russo â€“ TambÃ©m ligado a cabelo ruivo ou pele clara."
"3.	Ferrari â€“ Ferreiro."
"4.	Esposito â€“ CrianÃ§a abandonada criada pela igreja."
"5.	Bianchi â€“ Pessoa de cabelo claro."
"6.	Romano â€“ Natural de Roma."
"7.	Colombo â€“ â€œPomboâ€, sÃ­mbolo cristÃ£o."
"8.	Ricci â€“ Cabelos encaracolados."
"9.	Marino â€“ Ligado ao mar."
"10.	Greco â€“ Origem grega."
"11.	Conti â€“ Ligado a condes ou nobres."
"12.	Lombardi â€“ Da regiÃ£o da Lombardia."
"13.	De Luca â€“ â€œFilho de Lucaâ€."
"14.	Mancini â€“ Canhoto."
"15.	Costa â€“ Morador da costa."
"16.	Giordano â€“ Ligado ao Rio JordÃ£o."
"17.	Rizzo â€“ Cabelo crespo."
"18.	Moretti â€“ Pessoa morena."
"19.	Barbieri â€“ Barbeiro."
"20.	Santoro â€“ Ligado a festas religiosas."
"________________________________________"
"ğŸ‡ªğŸ‡¸ ESPANHA"
"1.	GarcÃ­a â€“ Origem basca, â€œjovem valenteâ€."
"2.	FernÃ¡ndez â€“ Filho de Fernando."
"3.	GonzÃ¡lez â€“ Filho de Gonzalo."
"4.	RodrÃ­guez â€“ Filho de Rodrigo."
"5.	LÃ³pez â€“ Filho de Lope."
"6.	MartÃ­nez â€“ Filho de MartÃ­n."
"7.	SÃ¡nchez â€“ Filho de Sancho."
"8.	PÃ©rez â€“ Filho de Pedro."
"9.	GÃ³mez â€“ Filho de Gome."
"10.	MartÃ­n â€“ Nome cristÃ£o."
"11.	JimÃ©nez â€“ Filho de Jimeno."
"12.	Ruiz â€“ Filho de Ruy."
"13.	HernÃ¡ndez â€“ Filho de Hernando."
"14.	DÃ­az â€“ Filho de Diego."
"15.	Moreno â€“ Pessoa de pele escura."
"16.	Ãlvarez â€“ Filho de Ãlvaro."
"17.	MuÃ±oz â€“ Filho de Munio."
"18.	Romero â€“ Peregrino a Roma."
"19.	Alonso â€“ Filho de Afonso."
"20.	GutiÃ©rrez â€“ Filho de Gutierre."
"________________________________________"
"ğŸ‡µğŸ‡¹ PORTUGAL"
"1.	Silva â€“ â€œFlorestaâ€, ligado Ã  terra."
"2.	Santos â€“ Origem religiosa."
"3.	Oliveira â€“ Ligado Ã  oliveira."
"4.	Pereira â€“ Ãrvore de pera."
"5.	Costa â€“ RegiÃ£o costeira."
"6.	Rodrigues â€“ Filho de Rodrigo."
"7.	Martins â€“ Filho de Martim."
"8.	Jesus â€“ DevoÃ§Ã£o cristÃ£."
"9.	Sousa â€“ Origem geogrÃ¡fica (rio Sousa)."
"10.	Fernandes â€“ Filho de Fernando."
"11.	Azevedo â€“ Local com muitas azevinheiras."
"12.	Teixeira â€“ Local com teixos."
"13.	Ribeiro â€“ PrÃ³ximo a rios."
"14.	Alves â€“ Filho de Ãlvaro."
"15.	Pacheco â€“ Origem nobre medieval."
"16.	Correia â€“ Fabricante de correias ou mensageiro."
"17.	Rocha â€“ Terreno rochoso."
"18.	Lopes â€“ Filho de Lope."
"19.	Nunes â€“ Filho de Nuno."
"20.	Figueiredo â€“ Local com figueiras."
""
""
"ğŸ‡¬ğŸ‡§ REINO UNIDO"
"(Inglaterra, EscÃ³cia, PaÃ­s de Gales e Irlanda do Norte)"
"1.	Smith â€“ Ferreiro; o sobrenome mais comum por ser profissÃ£o essencial."
"2.	Johnson â€“ â€œFilho de Johnâ€."
"3.	Brown â€“ Pessoa de cabelo ou pele castanha."
"4.	Taylor â€“ Alfaiate."
"5.	Anderson â€“ â€œFilho de Andrewâ€."
"6.	Wilson â€“ â€œFilho de Williamâ€."
"7.	Thompson â€“ â€œFilho de Thomasâ€."
"8.	Evans â€“ â€œFilho de Evanâ€ (origem galesa)."
"9.	Walker â€“ Trabalhador que pisava tecidos para compactÃ¡-los."
"10.	Robinson â€“ â€œFilho de Robertâ€."
"11.	Wright â€“ ArtesÃ£o ou construtor."
"12.	Baker â€“ Padeiro."
"13.	Green â€“ Morador prÃ³ximo a um campo verde."
"14.	Harris â€“ â€œFilho de Harryâ€."
"15.	Lewis â€“ Origem normanda, â€œguerreiro famosoâ€."
"16.	Turner â€“ Operador de torno ou fabricante de peÃ§as."
"17.	Clark â€“ Escriba ou funcionÃ¡rio da igreja."
"18.	Cooper â€“ Fabricante de barris."
"19.	King â€“ Apelido para alguÃ©m que servia o rei ou se destacava."
"20.	Scott â€“ Pessoa vinda da EscÃ³cia."
"________________________________________"
"ğŸ‡·ğŸ‡º RÃšSSIA"
"1.	Ivanov â€“ â€œFilho de Ivanâ€."
"2.	Smirnov â€“ Pessoa calma ou humilde."
"3.	Kuznetsov â€“ Filho de ferreiro (kuznets)."
"4.	Popov â€“ Filho de padre ortodoxo."
"5.	Sokolov â€“ â€œFalcÃ£oâ€, sÃ­mbolo de forÃ§a."
"6.	Lebedev â€“ â€œCisneâ€, ligado Ã  pureza."
"7.	Kozlov â€“ â€œBodeâ€, apelido antigo."
"8.	Novikov â€“ RecÃ©m-chegado Ã  vila."
"9.	Morozov â€“ Ligado ao frio ou ao inverno (moroz)."
"10.	Petrov â€“ Filho de Piotr (Pedro)."
"11.	Volkov â€“ â€œLoboâ€, sÃ­mbolo de bravura."
"12.	Pavlov â€“ Filho de Pavel (Paulo)."
"13.	Fedorov â€“ Filho de Fedor."
"14.	Mikhailov â€“ Filho de Mikhail (Miguel)."
"15.	Solovyov â€“ â€œRouxinolâ€, ligado ao canto."
"16.	Egorov â€“ Filho de Egor (Jorge)."
"17.	Nikitin â€“ Filho de Nikita."
"18.	Zakharov â€“ Filho de Zakhar."
"19.	Andreev â€“ Filho de Andrei."
"20.	Romanov â€“ Ligado ao nome Romano; dinastia imperial russa."
"________________________________________"
"ğŸ‡ºğŸ‡¦ UCRÃ‚NIA"
"(Muito comum o sufixo -enko, que significa â€œfilho deâ€)"
"1.	Shevchenko â€“ Filho de sapateiro (shevets)."
"2.	Kovalenko â€“ Filho de ferreiro (koval)."
"3.	Bondarenko â€“ Filho de fabricante de barris."
"4.	Tkachenko â€“ Filho de tecelÃ£o."
"5.	Kovalchuk â€“ Jovem ferreiro."
"6.	Kravchenko â€“ Filho de alfaiate."
"7.	Melnyk â€“ Moleiro."
"8.	Oliynyk â€“ Produtor de Ã³leo vegetal."
"9.	Polischuk â€“ Pessoa da regiÃ£o de Polissya."
"10.	Savchenko â€“ Filho de Sava."
"11.	Boiko â€“ Grupo Ã©tnico dos CÃ¡rpatos."
"12.	Hrytsenko â€“ Filho de Hryts (GregÃ³rio)."
"13.	Rudenko â€“ Pessoa ruiva."
"14.	Moroz â€“ Ligado ao frio."
"15.	Yermolenko â€“ Filho de Yermolai."
"16.	Tarasenko â€“ Filho de Taras."
"17.	Marchenko â€“ Filho de Marko."
"18.	Lysenko â€“ Pessoa careca ou sem barba."
"19.	Zakharchenko â€“ Filho de Zakhar."
"20.	Petrenko â€“ Filho de Petro (Pedro)."
"________________________________________"
"ğŸ‡µğŸ‡± POLÃ”NIA"
"1.	Nowak â€“ â€œNovoâ€, recÃ©m-chegado."
"2.	Kowalski â€“ Ferreiro."
"3.	WiÅ›niewski â€“ Ligado Ã  cerejeira."
"4.	DÄ…browski â€“ Pessoa de bosque de carvalhos."
"5.	Lewandowski â€“ Ligado a campos de lavanda ou vilas chamadas LewandÃ³w."
"6.	WÃ³jcik â€“ Ajudante de lÃ­der local."
"7.	KamiÅ„ski â€“ Ligado a pedras ou pedreiras."
"8.	Kowalczyk â€“ Jovem ferreiro."
"9.	ZieliÅ„ski â€“ Relacionado ao verde ou campos."
"10.	SzymaÅ„ski â€“ Filho de Szymon."
"11.	WoÅºniak â€“ Mensageiro ou oficial."
"12.	KozÅ‚owski â€“ Ligado ao bode (kozioÅ‚)."
"13.	Jankowski â€“ Filho de Jan."
"14.	Mazur â€“ Pessoa da regiÃ£o da MazÃºria."
"15.	Kaczmarek â€“ Dono de taverna."
"16.	Piotrowski â€“ Filho de Piotr."
"17.	Grabowski â€“ Ligado a Ã¡rvores de carpa."
"18.	PawÅ‚owski â€“ Filho de PaweÅ‚."
"19.	Michalski â€“ Filho de MichaÅ‚."
"20.	KrÃ³l â€“ â€œReiâ€, apelido de prestÃ­gio."
"________________________________________"
"ğŸ‡¬ğŸ‡· GRÃ‰CIA"
"(Sufixo -opoulos = â€œfilho deâ€)"
"1.	Papadopoulos â€“ Filho de padre."
"2.	Papadakis â€“ Pequeno padre."
"3.	Nikolaidis â€“ Filho de Nikolaos."
"4.	Georgiou â€“ Filho de George."
"5.	Dimitriou â€“ Filho de Dimitrios."
"6.	Christou â€“ Ligado a Cristo."
"7.	Antoniou â€“ Filho de Antonios."
"8.	Ioannidis â€“ Filho de Ioannis (JoÃ£o)."
"9.	Konstantinou â€“ Filho de Constantino."
"10.	Vasilopoulos â€“ Filho de Vasilis (rei)."
"11.	Karagiannis â€“ JoÃ£o negro (apelido)."
"12.	Pappas â€“ Padre."
"13.	Kosta â€“ Variante de Constantino."
"14.	Markopoulos â€“ Filho de Marcos."
"15.	Panagiotopoulos â€“ Filho de Panagiotis."
"16.	Theodorou â€“ Filho de Teodoro."
"17.	Stavrou â€“ Ligado Ã  cruz (stavros)."
"18.	Angelopoulos â€“ Filho de Ã‚ngelo."
"19.	Alexiou â€“ Filho de Alexios."
"20.	Raptis â€“ Alfaiate."
"________________________________________"
"ğŸ‡³ğŸ‡± HOLANDA"
"1.	De Jong â€“ â€œO jovemâ€."
"2.	Jansen â€“ Filho de Jan."
"3.	De Vries â€“ OriginÃ¡rio da FrÃ­sia."
"4.	Van den Berg â€“ â€œDa montanhaâ€."
"5.	Van Dijk â€“ â€œDo diqueâ€."
"6.	Bakker â€“ Padeiro."
"7.	Visser â€“ Pescador."
"8.	Smit â€“ Ferreiro."
"9.	Meijer â€“ Administrador rural."
"10.	De Boer â€“ Fazendeiro."
"11.	Mulder â€“ Moleiro."
"12.	Vos â€“ Raposa (apelido)."
"13.	Peters â€“ Filho de Peter."
"14.	Hendriks â€“ Filho de Hendrik."
"15.	Dekker â€“ Fabricante de telhados."
"16.	Brouwer â€“ Cervejeiro."
"17.	Van Leeuwen â€“ â€œDo leÃ£oâ€."
"18.	Van der Meer â€“ â€œDo lagoâ€."
"19.	Dijkstra â€“ Do dique ou estrada."
"20.	Kuipers â€“ Fabricante de barris."
"________________________________________"
"ğŸ‡¸ğŸ‡ª SUÃ‰CIA"
"(Quase todos significam â€œfilho deâ€)"
"1.	Andersson â€“ Filho de Anders."
"2.	Johansson â€“ Filho de Johan."
"3.	Karlsson â€“ Filho de Karl."
"4.	Nilsson â€“ Filho de Nils."
"5.	Eriksson â€“ Filho de Erik."
"6.	Larsson â€“ Filho de Lars."
"7.	Olsson â€“ Filho de Olaf."
"8.	Persson â€“ Filho de Per."
"9.	Svensson â€“ Filho de Sven."
"10.	Gustafsson â€“ Filho de Gustaf."
"11.	Pettersson â€“ Filho de Petter."
"12.	Jonsson â€“ Filho de Jon."
"13.	Berg â€“ Montanha."
"14.	Lindberg â€“ Montanha de tÃ­lias."
"15.	LindstrÃ¶m â€“ Rio de tÃ­lias."
"16.	Lindgren â€“ Galho de tÃ­lia."
"17.	Holm â€“ Pequena ilha."
"18.	NystrÃ¶m â€“ Novo rio."
"19.	Dahlberg â€“ Montanha do vale."
"20.	EkstrÃ¶m â€“ Rio dos carvalhos."
"________________________________________"
"ğŸ‡³ğŸ‡´ NORUEGA"
"1.	Hansen â€“ Filho de Hans."
"2.	Johansen â€“ Filho de Johan."
"3.	Olsen â€“ Filho de Ole."
"4.	Larsen â€“ Filho de Lars."
"5.	Andersen â€“ Filho de Anders."
"6.	Pedersen â€“ Filho de Peder."
"7.	Nilsen â€“ Filho de Nils."
"8.	Kristiansen â€“ Filho de Kristian."
"9.	Jensen â€“ Filho de Jens."
"10.	Karlsen â€“ Filho de Karl."
"11.	Johnsen â€“ Filho de John."
"12.	Eriksen â€“ Filho de Erik."
"13.	Berg â€“ Montanha."
"14.	Haugen â€“ Pequena colina."
"15.	Dahl â€“ Vale."
"16.	Lie â€“ Encosta ou colina."
"17.	Solberg â€“ Montanha do sol."
"18.	Moen â€“ Campo ou pradaria."
"19.	Haugland â€“ Terra das colinas."
"20.	Strand â€“ Beira-mar."
""
""
"ğŸ‡¨ğŸ‡³ CHINA"
"(Sobrenomes antigos, ligados a clÃ£s, reinos e cargos imperiais)"
"1.	Wang â€“ â€œReiâ€; famÃ­lia ligada Ã  nobreza antiga. CaracterÃ­stica: lideranÃ§a."
"2.	Li â€“ Nome de clÃ£ imperial da dinastia Tang. CaracterÃ­stica: tradiÃ§Ã£o."
"3.	Zhang â€“ â€œArqueiroâ€; origem militar. CaracterÃ­stica: proteÃ§Ã£o."
"4.	Liu â€“ FamÃ­lia imperial da dinastia Han. CaracterÃ­stica: poder polÃ­tico."
"5.	Chen â€“ Antigo reino Chen. CaracterÃ­stica: linhagem regional."
"6.	Yang â€“ â€œSol / energia positivaâ€. CaracterÃ­stica: vitalidade."
"7.	Huang â€“ â€œAmareloâ€, cor imperial. CaracterÃ­stica: status."
"8.	Zhao â€“ Nome de estado feudal. CaracterÃ­stica: autoridade."
"9.	Wu â€“ Reino antigo do sul. CaracterÃ­stica: estratÃ©gia."
"10.	Zhou â€“ Dinastia Zhou. CaracterÃ­stica: sabedoria ancestral."
"11.	Xu â€“ Origem em territÃ³rio antigo. CaracterÃ­stica: estabilidade."
"12.	Sun â€“ â€œSolâ€; tambÃ©m ligado ao estrategista Sun Tzu. CaracterÃ­stica: inteligÃªncia."
"13.	Ma â€“ Associado a muÃ§ulmanos chineses. CaracterÃ­stica: diversidade cultural."
"14.	Zhu â€“ FamÃ­lia imperial Ming. CaracterÃ­stica: comando."
"15.	Hu â€“ Povos do norte. CaracterÃ­stica: adaptaÃ§Ã£o."
"16.	Guo â€“ â€œEstado / naÃ§Ã£oâ€. CaracterÃ­stica: patriotismo."
"17.	He â€“ â€œHarmoniaâ€. CaracterÃ­stica: equilÃ­brio."
"18.	Gao â€“ â€œAltoâ€. CaracterÃ­stica: prestÃ­gio."
"19.	Lin â€“ â€œFlorestaâ€. CaracterÃ­stica: ligaÃ§Ã£o com a natureza."
"20.	Luo â€“ Origem geogrÃ¡fica. CaracterÃ­stica: identidade regional."
"________________________________________"
"ğŸ‡®ğŸ‡³ ÃNDIA"
"(Sobrenomes ligados a casta, regiÃ£o, religiÃ£o ou profissÃ£o)"
"1.	Sharma â€“ Sacerdotes brÃ¢manes. CaracterÃ­stica: espiritualidade."
"2.	Singh â€“ â€œLeÃ£oâ€, usado por guerreiros. CaracterÃ­stica: coragem."
"3.	Patel â€“ Administrador de vilas. CaracterÃ­stica: lideranÃ§a local."
"4.	Gupta â€“ Antiga dinastia imperial. CaracterÃ­stica: poder histÃ³rico."
"5.	Mehta â€“ Conselheiro real. CaracterÃ­stica: sabedoria."
"6.	Iyer â€“ Sacerdotes do sul da Ãndia. CaracterÃ­stica: tradiÃ§Ã£o religiosa."
"7.	Reddy â€“ ProprietÃ¡rios de terras. CaracterÃ­stica: riqueza rural."
"8.	Rao â€“ TÃ­tulo nobre. CaracterÃ­stica: autoridade."
"9.	Chatterjee â€“ BrÃ¢manes bengalis. CaracterÃ­stica: intelectualidade."
"10.	Banerjee â€“ Ligado Ã  vila Banerjee. CaracterÃ­stica: heranÃ§a regional."
"11.	Das â€“ â€œServo de Deusâ€. CaracterÃ­stica: devoÃ§Ã£o."
"12.	Mishra â€“ BrÃ¢manes eruditos. CaracterÃ­stica: conhecimento."
"13.	Verma â€“ â€œArmaduraâ€. CaracterÃ­stica: proteÃ§Ã£o."
"14.	Malhotra â€“ ClÃ£ do norte. CaracterÃ­stica: status social."
"15.	Khanna â€“ Comerciantes tradicionais. CaracterÃ­stica: negÃ³cios."
"16.	Kapoor â€“ Mercadores e artistas. CaracterÃ­stica: criatividade."
"17.	Ghosh â€“ Pastores e mÃºsicos. CaracterÃ­stica: expressÃ£o cultural."
"18.	Mukherjee â€“ Sacerdotes de alta hierarquia. CaracterÃ­stica: influÃªncia religiosa."
"19.	Roy â€“ â€œReiâ€. CaracterÃ­stica: prestÃ­gio."
"20.	Kaur â€“ â€œPrincesaâ€, usado por mulheres sikh. CaracterÃ­stica: igualdade."
"________________________________________"
"ğŸ‡¯ğŸ‡µ JAPÃƒO"
"(Ligados Ã  geografia, natureza e clÃ£s feudais)"
"1.	Sato â€“ Antiga famÃ­lia samurai. CaracterÃ­stica: disciplina."
"2.	Suzuki â€“ â€œCampo de arroz em sinoâ€. CaracterÃ­stica: vida rural."
"3.	Takahashi â€“ â€œPonte altaâ€. CaracterÃ­stica: conexÃ£o."
"4.	Tanaka â€“ â€œCentro do campoâ€. CaracterÃ­stica: simplicidade."
"5.	Watanabe â€“ â€œAtravessar fronteirasâ€. CaracterÃ­stica: expansÃ£o."
"6.	Ito â€“ Origem regional antiga. CaracterÃ­stica: tradiÃ§Ã£o."
"7.	Yamamoto â€“ â€œBase da montanhaâ€. CaracterÃ­stica: firmeza."
"8.	Nakamura â€“ â€œAldeia centralâ€. CaracterÃ­stica: comunidade."
"9.	Kobayashi â€“ â€œPequena florestaâ€. CaracterÃ­stica: harmonia."
"10.	Kato â€“ ClÃ£ guerreiro. CaracterÃ­stica: forÃ§a."
"11.	Yoshida â€“ â€œCampo da sorteâ€. CaracterÃ­stica: prosperidade."
"12.	Yamada â€“ â€œCampo da montanhaâ€. CaracterÃ­stica: equilÃ­brio natural."
"13.	Sasaki â€“ ClÃ£ samurai. CaracterÃ­stica: honra."
"14.	Yamaguchi â€“ â€œEntrada da montanhaâ€. CaracterÃ­stica: proteÃ§Ã£o."
"15.	Matsumoto â€“ â€œBase do pinheiroâ€. CaracterÃ­stica: longevidade."
"16.	Inoue â€“ â€œAcima do poÃ§oâ€. CaracterÃ­stica: estabilidade."
"17.	Kimura â€“ â€œVila da Ã¡rvoreâ€. CaracterÃ­stica: raÃ­zes familiares."
"18.	Hayashi â€“ â€œFlorestaâ€. CaracterÃ­stica: natureza."
"19.	Shimizu â€“ â€œÃgua puraâ€. CaracterÃ­stica: pureza."
"20.	Mori â€“ â€œBosqueâ€. CaracterÃ­stica: crescimento."
"________________________________________"
"ğŸ‡°ğŸ‡· COREIA DO SUL"
"(Poucos sobrenomes, forte sistema de clÃ£s)"
"1.	Kim â€“ FamÃ­lia real de Silla. CaracterÃ­stica: poder."
"2.	Lee (Yi) â€“ Dinastia Joseon. CaracterÃ­stica: nobreza."
"3.	Park â€“ ClÃ£ antigo. CaracterÃ­stica: estabilidade."
"4.	Choi â€“ FuncionÃ¡rios do governo. CaracterÃ­stica: administraÃ§Ã£o."
"5.	Jung â€“ â€œJustoâ€. CaracterÃ­stica: equilÃ­brio."
"6.	Kang â€“ â€œForteâ€. CaracterÃ­stica: resistÃªncia."
"7.	Cho â€“ ClÃ£ aristocrata. CaracterÃ­stica: status."
"8.	Yoon â€“ Conselheiros reais. CaracterÃ­stica: inteligÃªncia polÃ­tica."
"9.	Jang â€“ Generais militares. CaracterÃ­stica: estratÃ©gia."
"10.	Lim â€“ Origem rural. CaracterÃ­stica: humildade."
"11.	Han â€“ Nome ligado ao povo coreano. CaracterÃ­stica: identidade nacional."
"12.	Oh â€“ Antigo reino. CaracterÃ­stica: heranÃ§a histÃ³rica."
"13.	Seo â€“ Eruditos. CaracterÃ­stica: estudo."
"14.	Shin â€“ â€œNovoâ€. CaracterÃ­stica: renovaÃ§Ã£o."
"15.	Kwon â€“ â€œAutoridadeâ€. CaracterÃ­stica: comando."
"16.	Hwang â€“ â€œImperadorâ€. CaracterÃ­stica: lideranÃ§a."
"17.	Ahn â€“ â€œPazâ€. CaracterÃ­stica: harmonia."
"18.	Song â€“ ClÃ£ militar. CaracterÃ­stica: disciplina."
"19.	Ryu â€“ â€œDragÃ£oâ€. CaracterÃ­stica: poder simbÃ³lico."
"20.	Baek â€“ â€œBrancoâ€. CaracterÃ­stica: pureza."
"________________________________________"
"ğŸ‡°ğŸ‡µ COREIA DO NORTE"
"(Mesma origem cultural do Sul, grafia diferente)"
"1.	Kim â€“ FamÃ­lia dominante histÃ³rica. CaracterÃ­stica: autoridade."
"2.	Ri (Lee) â€“ Dinastia tradicional. CaracterÃ­stica: nobreza."
"3.	Pak â€“ ClÃ£ antigo. CaracterÃ­stica: continuidade."
"4.	Choe â€“ Aristocracia antiga. CaracterÃ­stica: prestÃ­gio."
"5.	Jong â€“ â€œJustoâ€. CaracterÃ­stica: ordem."
"6.	Kang â€“ â€œForteâ€. CaracterÃ­stica: resistÃªncia."
"7.	Cho â€“ Origem nobre. CaracterÃ­stica: influÃªncia."
"8.	Yun â€“ Conselheiros. CaracterÃ­stica: estratÃ©gia."
"9.	Jang â€“ Militares. CaracterÃ­stica: comando."
"10.	Han â€“ Identidade coreana. CaracterÃ­stica: pertencimento."
"11.	Sin â€“ â€œNovoâ€. CaracterÃ­stica: renovaÃ§Ã£o."
"12.	Kwon â€“ Autoridade. CaracterÃ­stica: poder."
"13.	Hwang â€“ Imperial. CaracterÃ­stica: lideranÃ§a."
"14.	An â€“ Paz. CaracterÃ­stica: equilÃ­brio."
"15.	Song â€“ Militar. CaracterÃ­stica: disciplina."
"16.	Ryu â€“ DragÃ£o. CaracterÃ­stica: forÃ§a."
"17.	Pak â€“ ClÃ£ tradicional. CaracterÃ­stica: legado."
"18.	Ri â€“ Linhagem real. CaracterÃ­stica: hierarquia."
"19.	Kim â€“ Nome dominante. CaracterÃ­stica: centralizaÃ§Ã£o."
"20.	Choe â€“ Elite histÃ³rica. CaracterÃ­stica: status."
"ğŸ‡®ğŸ‡© INDONÃ‰SIA"
"(Muitos nomes sÃ£o virtudes, tÃ­tulos ou nomes Ãºnicos, nÃ£o sobrenomes familiares fixos)"
"1.	Santoso â€“ â€œPacÃ­fico / santoâ€. CaracterÃ­stica: harmonia."
"2.	Wijaya â€“ â€œVitoriosoâ€. CaracterÃ­stica: conquista."
"3.	Setiawan â€“ â€œLealâ€. CaracterÃ­stica: fidelidade."
"4.	Pratama â€“ â€œPrimeiro / primogÃªnitoâ€. CaracterÃ­stica: lideranÃ§a."
"5.	Wibowo â€“ â€œAutoridadeâ€. CaracterÃ­stica: respeito."
"6.	Hidayat â€“ â€œOrientaÃ§Ã£o divinaâ€. CaracterÃ­stica: espiritualidade."
"7.	Saputra â€“ â€œFilho homemâ€. CaracterÃ­stica: linhagem."
"8.	Nugroho â€“ â€œNovo crescimentoâ€. CaracterÃ­stica: renovaÃ§Ã£o."
"9.	Susanto â€“ â€œBoa pessoaâ€. CaracterÃ­stica: moralidade."
"10.	Kurniawan â€“ â€œAbenÃ§oadoâ€. CaracterÃ­stica: gratidÃ£o."
"11.	Rahman â€“ â€œMisericordiosoâ€. CaracterÃ­stica: compaixÃ£o."
"12.	Abdullah â€“ â€œServo de Deusâ€. CaracterÃ­stica: devoÃ§Ã£o."
"13.	Suryadi â€“ â€œLigado ao solâ€. CaracterÃ­stica: energia."
"14.	Gunawan â€“ â€œHomem da montanhaâ€. CaracterÃ­stica: forÃ§a."
"15.	Hartono â€“ â€œRico / prÃ³speroâ€. CaracterÃ­stica: abundÃ¢ncia."
"16.	Iskandar â€“ Forma de Alexandre. CaracterÃ­stica: lideranÃ§a."
"17.	Irawan â€“ HerÃ³i Ã©pico javanÃªs. CaracterÃ­stica: coragem."
"18.	Maulana â€“ â€œMestre / senhorâ€. CaracterÃ­stica: autoridade espiritual."
"19.	Putra â€“ â€œFilhoâ€. CaracterÃ­stica: heranÃ§a familiar."
"20.	Yanto â€“ AbreviaÃ§Ã£o de nomes tradicionais. CaracterÃ­stica: simplicidade."
"________________________________________"
"ğŸ‡µğŸ‡° PAQUISTÃƒO"
"(Sobrenomes ligados a tÃ­tulos, clÃ£s e nomes islÃ¢micos)"
"1.	Khan â€“ TÃ­tulo de lÃ­der tribal. CaracterÃ­stica: comando."
"2.	Ahmed â€“ â€œDigno de louvorâ€. CaracterÃ­stica: honra."
"3.	Ali â€“ â€œElevadoâ€. CaracterÃ­stica: nobreza."
"4.	Hussain â€“ Nome do neto do profeta. CaracterÃ­stica: reverÃªncia religiosa."
"5.	Shah â€“ â€œReiâ€. CaracterÃ­stica: autoridade."
"6.	Malik â€“ â€œGovernanteâ€. CaracterÃ­stica: lideranÃ§a."
"7.	Iqbal â€“ â€œProsperidadeâ€. CaracterÃ­stica: ambiÃ§Ã£o."
"8.	Butt â€“ ClÃ£ tradicional punjabi. CaracterÃ­stica: identidade tribal."
"9.	Sheikh â€“ AnciÃ£o ou sÃ¡bio. CaracterÃ­stica: respeito social."
"10.	Chaudhry â€“ ProprietÃ¡rio de terras. CaracterÃ­stica: influÃªncia local."
"11.	Qureshi â€“ Tribo do profeta MaomÃ©. CaracterÃ­stica: prestÃ­gio religioso."
"12.	Siddiqui â€“ â€œVerdadeiroâ€. CaracterÃ­stica: integridade."
"13.	Farooq â€“ â€œO que distingue o certo do erradoâ€. CaracterÃ­stica: justiÃ§a."
"14.	Javed â€“ â€œEternoâ€. CaracterÃ­stica: continuidade."
"15.	Raza â€“ â€œSatisfaÃ§Ã£o divinaâ€. CaracterÃ­stica: fÃ©."
"16.	Akhtar â€“ â€œEstrelaâ€. CaracterÃ­stica: esperanÃ§a."
"17.	Mehmood â€“ â€œLouvÃ¡velâ€. CaracterÃ­stica: reputaÃ§Ã£o positiva."
"18.	Tariq â€“ â€œAquele que chega Ã  noiteâ€. CaracterÃ­stica: impacto."
"19.	Mirza â€“ TÃ­tulo nobre persa. CaracterÃ­stica: aristocracia."
"20.	Abbas â€“ Tio do profeta. CaracterÃ­stica: legado religioso."
"________________________________________"
"ğŸ‡§ğŸ‡© BANGLADESH"
"(Forte influÃªncia islÃ¢mica + tÃ­tulos administrativos)"
"1.	Rahman â€“ â€œMisericordiosoâ€. CaracterÃ­stica: compaixÃ£o."
"2.	Ahmed â€“ â€œLouvÃ¡velâ€. CaracterÃ­stica: honra."
"3.	Islam â€“ LigaÃ§Ã£o direta Ã  fÃ©. CaracterÃ­stica: identidade religiosa."
"4.	Hossain â€“ Nome sagrado islÃ¢mico. CaracterÃ­stica: devoÃ§Ã£o."
"5.	Ali â€“ â€œElevadoâ€. CaracterÃ­stica: respeito."
"6.	Hasan â€“ â€œBom / beloâ€. CaracterÃ­stica: virtude."
"7.	Khan â€“ TÃ­tulo de lideranÃ§a. CaracterÃ­stica: autoridade."
"8.	Mia â€“ Respeito social local. CaracterÃ­stica: dignidade."
"9.	Chowdhury â€“ Administrador regional. CaracterÃ­stica: poder local."
"10.	Uddin â€“ â€œDa religiÃ£oâ€. CaracterÃ­stica: fÃ©."
"11.	Sarker â€“ FuncionÃ¡rio do governo. CaracterÃ­stica: administraÃ§Ã£o."
"12.	Talukder â€“ Coletor de impostos. CaracterÃ­stica: controle territorial."
"13.	Bhuiyan â€“ Senhor feudal. CaracterÃ­stica: nobreza rural."
"14.	Mahmud â€“ â€œLouvadoâ€. CaracterÃ­stica: prestÃ­gio."
"15.	Akter â€“ â€œEstrelaâ€. CaracterÃ­stica: esperanÃ§a."
"16.	Khatun â€“ TÃ­tulo feminino. CaracterÃ­stica: honra feminina."
"17.	Mollah â€“ LÃ­der religioso. CaracterÃ­stica: espiritualidade."
"18.	Karim â€“ â€œGenerosoâ€. CaracterÃ­stica: benevolÃªncia."
"19.	Haque â€“ â€œVerdadeâ€. CaracterÃ­stica: justiÃ§a."
"20.	Mondal â€“ Chefe comunitÃ¡rio. CaracterÃ­stica: lideranÃ§a local."
"________________________________________"
"ğŸ‡®ğŸ‡· IRÃƒ"
"(Sobrenomes muitas vezes significam â€œdescendente deâ€)"
"1.	Mohammadi â€“ Descendente de Mohammad. CaracterÃ­stica: fÃ©."
"2.	Hosseini â€“ Descendente de Hussein. CaracterÃ­stica: linhagem sagrada."
"3.	Ahmadi â€“ Descendente de Ahmad. CaracterÃ­stica: honra religiosa."
"4.	Rezaei â€“ Ligado ao Imam Reza. CaracterÃ­stica: devoÃ§Ã£o."
"5.	Karimi â€“ â€œGenerosoâ€. CaracterÃ­stica: bondade."
"6.	Rahimi â€“ â€œMisericordiosoâ€. CaracterÃ­stica: compaixÃ£o."
"7.	Ebrahimi â€“ Descendente de AbraÃ£o. CaracterÃ­stica: tradiÃ§Ã£o profÃ©tica."
"8.	Ghasemi â€“ Descendente de Qasem. CaracterÃ­stica: respeito familiar."
"9.	Hejazi â€“ Origem da regiÃ£o do Hijaz. CaracterÃ­stica: identidade geogrÃ¡fica."
"10.	Moradi â€“ â€œDesejadoâ€. CaracterÃ­stica: valor pessoal."
"11.	Safari â€“ Ligado a viagens. CaracterÃ­stica: mobilidade."
"12.	Amini â€“ â€œConfiÃ¡velâ€. CaracterÃ­stica: integridade."
"13.	Kazemi â€“ Descendente de Kazem. CaracterÃ­stica: disciplina espiritual."
"14.	Soleimani â€“ Descendente de Suleiman. CaracterÃ­stica: autoridade."
"15.	Akbari â€“ â€œGrandeâ€. CaracterÃ­stica: prestÃ­gio."
"16.	Jafari â€“ Ligado ao Imam Jafar. CaracterÃ­stica: conhecimento religioso."
"17.	Naderi â€“ Descendente de Nader. CaracterÃ­stica: forÃ§a histÃ³rica."
"18.	Asadi â€“ â€œLeÃ£oâ€. CaracterÃ­stica: coragem."
"19.	Bahrami â€“ Ligado a Bahram (herÃ³i persa). CaracterÃ­stica: bravura."
"20.	Mahmoudi â€“ â€œLouvÃ¡velâ€. CaracterÃ­stica: reputaÃ§Ã£o."
"________________________________________"
"ğŸ‡®ğŸ‡¶ IRAQUE"
"(Prefixo Al- = â€œda famÃ­lia / do clÃ£â€)"
"1.	Al-Hassan â€“ Descendentes de Hassan. CaracterÃ­stica: linhagem sagrada."
"2.	Al-Ali â€“ Descendentes de Ali. CaracterÃ­stica: nobreza religiosa."
"3.	Al-Hussein â€“ Descendentes de Hussein. CaracterÃ­stica: reverÃªncia."
"4.	Al-Sadr â€“ FamÃ­lia clerical influente. CaracterÃ­stica: lideranÃ§a espiritual."
"5.	Al-Kazemi â€“ Ligado ao Imam Kazem. CaracterÃ­stica: fÃ©."
"6.	Al-Baghdadi â€“ OriginÃ¡rio de BagdÃ¡. CaracterÃ­stica: identidade urbana."
"7.	Al-Najjar â€“ Carpinteiro. CaracterÃ­stica: trabalho artesanal."
"8.	Al-Maliki â€“ Ligado a Malik. CaracterÃ­stica: autoridade."
"9.	Al-Rashid â€“ â€œGuiado corretamenteâ€. CaracterÃ­stica: sabedoria."
"10.	Al-Zubaidi â€“ Nome tribal. CaracterÃ­stica: clÃ£."
"11.	Al-Bayati â€“ Origem tribal antiga. CaracterÃ­stica: pertencimento."
"12.	Al-Tikriti â€“ De Tikrit. CaracterÃ­stica: origem regional."
"13.	Al-Obeidi â€“ Tribo Ubaid. CaracterÃ­stica: tradiÃ§Ã£o."
"14.	Al-Shammari â€“ Tribo Shammar. CaracterÃ­stica: forÃ§a tribal."
"15.	Al-Dulaimi â€“ Tribo Dulaim. CaracterÃ­stica: unidade."
"16.	Al-Jubouri â€“ Tribo Jubur. CaracterÃ­stica: legado."
"17.	Al-Tamimi â€“ Tribo Tamim. CaracterÃ­stica: honra."
"18.	Al-Khalidi â€“ Descendentes de Khalid. CaracterÃ­stica: bravura."
"19.	Al-Fayez â€“ â€œVencedorâ€. CaracterÃ­stica: sucesso."
"20.	Al-Hashimi â€“ FamÃ­lia do profeta. CaracterÃ­stica: linhagem sagrada."
"________________________________________"
"ğŸ‡¸ğŸ‡¦ ARÃBIA SAUDITA"
"(Sobrenomes tribais dominam)"
"1.	Al Saud â€“ FamÃ­lia real. CaracterÃ­stica: poder absoluto."
"2.	Al-Faisal â€“ ClÃ£ nobre. CaracterÃ­stica: lideranÃ§a."
"3.	Al-Sheikh â€“ FamÃ­lia religiosa. CaracterÃ­stica: autoridade espiritual."
"4.	Al-Harbi â€“ Tribo guerreira. CaracterÃ­stica: bravura."
"5.	Al-Qahtani â€“ Tribo ancestral Ã¡rabe. CaracterÃ­stica: antiguidade."
"6.	Al-Otaibi â€“ Tribo do deserto. CaracterÃ­stica: resistÃªncia."
"7.	Al-Mutairi â€“ Tribo histÃ³rica. CaracterÃ­stica: uniÃ£o."
"8.	Al-Shammari â€“ Tribo poderosa. CaracterÃ­stica: forÃ§a."
"9.	Al-Dosari â€“ Tribo Najd. CaracterÃ­stica: tradiÃ§Ã£o."
"10.	Al-Zahrani â€“ Tribo do sul. CaracterÃ­stica: identidade regional."
"11.	Al-Ghamdi â€“ Tribo montanhosa. CaracterÃ­stica: resiliÃªncia."
"12.	Al-Anazi â€“ Tribo antiga. CaracterÃ­stica: prestÃ­gio."
"13.	Al-Bakri â€“ Ligado a Abu Bakr. CaracterÃ­stica: fÃ©."
"14.	Al-Juhani â€“ Tribo do Hijaz. CaracterÃ­stica: heranÃ§a."
"15.	Al-Subaie â€“ Tribo do deserto. CaracterÃ­stica: sobrevivÃªncia."
"16.	Al-Khaldi â€“ Ligado a Khalid ibn al-Walid. CaracterÃ­stica: heroÃ­smo."
"17.	Al-Malki â€“ Ligado a reis. CaracterÃ­stica: autoridade."
"18.	Al-Fahad â€“ â€œLeopardoâ€. CaracterÃ­stica: agilidade."
"19.	Al-Yami â€“ Tribo do sul. CaracterÃ­stica: identidade tribal."
"20.	Al-Humaidi â€“ ClÃ£ tradicional. CaracterÃ­stica: respeito social."
"________________________________________"
"ğŸ‡¹ğŸ‡· TURQUIA"
"(Sobrenomes modernos criados em 1934)"
"1.	YÄ±lmaz â€“ â€œDestemidoâ€. CaracterÃ­stica: coragem."
"2.	Kaya â€“ â€œRochaâ€. CaracterÃ­stica: firmeza."
"3.	Demir â€“ â€œFerroâ€. CaracterÃ­stica: forÃ§a."
"4.	Åahin â€“ â€œFalcÃ£oâ€. CaracterÃ­stica: agilidade."
"5.	Ã‡elik â€“ â€œAÃ§oâ€. CaracterÃ­stica: resistÃªncia."
"6.	YÄ±ldÄ±z â€“ â€œEstrelaâ€. CaracterÃ­stica: brilho."
"7.	AydÄ±n â€“ â€œIluminadoâ€. CaracterÃ­stica: inteligÃªncia."
"8.	Ã–ztÃ¼rk â€“ â€œTurco puroâ€. CaracterÃ­stica: identidade nacional."
"9.	Arslan â€“ â€œLeÃ£oâ€. CaracterÃ­stica: bravura."
"10.	DoÄŸan â€“ â€œFalcÃ£oâ€. CaracterÃ­stica: rapidez."
"11.	KÄ±lÄ±Ã§ â€“ â€œEspadaâ€. CaracterÃ­stica: poder."
"12.	Aslan â€“ â€œLeÃ£oâ€. CaracterÃ­stica: lideranÃ§a."
"13.	KoÃ§ â€“ â€œCarneiroâ€. CaracterÃ­stica: determinaÃ§Ã£o."
"14.	Kurt â€“ â€œLoboâ€. CaracterÃ­stica: sobrevivÃªncia."
"15.	Ã–zdemir â€“ â€œFerro puroâ€. CaracterÃ­stica: integridade."
"16.	ÅimÅŸek â€“ â€œRelÃ¢mpagoâ€. CaracterÃ­stica: velocidade."
"17.	Polat â€“ â€œAÃ§oâ€. CaracterÃ­stica: dureza."
"18.	GÃ¼neÅŸ â€“ â€œSolâ€. CaracterÃ­stica: vitalidade."
"19.	Karaca â€“ â€œCervoâ€. CaracterÃ­stica: elegÃ¢ncia."
"20.	Aksoy â€“ â€œLinagem puraâ€. CaracterÃ­stica: honra."
"________________________________________"
"ğŸ‡¹ğŸ‡­ TAILÃ‚NDIA"
"(Sobrenomes criados para serem Ãºnicos, com significados positivos)"
"1.	Saetang â€“ â€œRiquezaâ€. CaracterÃ­stica: prosperidade."
"2.	Srisai â€“ â€œGlÃ³riaâ€. CaracterÃ­stica: prestÃ­gio."
"3.	Wongchai â€“ â€œFamÃ­lia vitoriosaâ€. CaracterÃ­stica: sucesso."
"4.	Phanich â€“ Comerciante. CaracterÃ­stica: negÃ³cios."
"5.	Charoen â€“ â€œProgressoâ€. CaracterÃ­stica: crescimento."
"6.	Boonsri â€“ â€œMÃ©rito sagradoâ€. CaracterÃ­stica: espiritualidade."
"7.	Kanchanaporn â€“ â€œOuro sagradoâ€. CaracterÃ­stica: riqueza."
"8.	Rattanakosin â€“ Capital histÃ³rica. CaracterÃ­stica: tradiÃ§Ã£o."
"9.	Pongsakorn â€“ â€œForÃ§a e honraâ€. CaracterÃ­stica: coragem."
"10.	Suthipong â€“ â€œPurezaâ€. CaracterÃ­stica: Ã©tica."
"11.	Thongchai â€“ â€œVitÃ³ria douradaâ€. CaracterÃ­stica: triunfo."
"12.	Chaiprasert â€“ â€œVitÃ³ria excelenteâ€. CaracterÃ­stica: excelÃªncia."
"13.	Phromphak â€“ Ligado ao deus Brahma. CaracterÃ­stica: espiritualidade."
"14.	Kittipong â€“ â€œHonra e famaâ€. CaracterÃ­stica: reputaÃ§Ã£o."
"15.	Kanjanapong â€“ â€œOuro forteâ€. CaracterÃ­stica: estabilidade."
"16.	Bunmee â€“ â€œBom carmaâ€. CaracterÃ­stica: virtude."
"17.	Wattanakul â€“ â€œFamÃ­lia prÃ³speraâ€. CaracterÃ­stica: heranÃ§a."
"18.	Phasuk â€“ â€œFelicidadeâ€. CaracterÃ­stica: bem-estar."
"19.	Nimsakul â€“ â€œFamÃ­lia honestaâ€. CaracterÃ­stica: integridade."
"20.	Sornchai â€“ â€œVitÃ³ria completaâ€. CaracterÃ­stica: realizaÃ§Ã£o."
"________________________________________"
"ğŸ‡»ğŸ‡³ VIETNÃƒ"
"(Poucos sobrenomes dominam o paÃ­s)"
"1.	Nguyen â€“ Dinastia imperial. CaracterÃ­stica: poder histÃ³rico."
"2.	Tran â€“ FamÃ­lia governante. CaracterÃ­stica: lideranÃ§a."
"3.	Le â€“ Dinastia antiga. CaracterÃ­stica: prestÃ­gio."
"4.	Pham â€“ ClÃ£ tradicional. CaracterÃ­stica: continuidade."
"5.	Huynh â€“ Origem chinesa. CaracterÃ­stica: influÃªncia cultural."
"6.	Hoang â€“ â€œImperialâ€. CaracterÃ­stica: nobreza."
"7.	Phan â€“ ClÃ£ antigo. CaracterÃ­stica: tradiÃ§Ã£o."
"8.	Vu â€“ Origem acadÃªmica. CaracterÃ­stica: estudo."
"9.	Dang â€“ ClÃ£ regional. CaracterÃ­stica: identidade local."
"10.	Bui â€“ Ligado a famÃ­lias nobres. CaracterÃ­stica: status."
"11.	Do â€“ ClÃ£ antigo. CaracterÃ­stica: heranÃ§a."
"12.	Ngo â€“ Origem chinesa. CaracterÃ­stica: adaptaÃ§Ã£o."
"13.	Duong â€“ â€œSolâ€. CaracterÃ­stica: energia."
"14.	Ly â€“ Dinastia histÃ³rica. CaracterÃ­stica: autoridade."
"15.	Truong â€“ â€œLongo / duradouroâ€. CaracterÃ­stica: persistÃªncia."
"16.	Dinh â€“ â€œEstÃ¡velâ€. CaracterÃ­stica: solidez."
"17.	Cao â€“ â€œAltoâ€. CaracterÃ­stica: ambiÃ§Ã£o."
"18.	Mai â€“ â€œFlor de ameixaâ€. CaracterÃ­stica: delicadeza."
"19.	Quach â€“ Origem chinesa. CaracterÃ­stica: heranÃ§a migratÃ³ria."
"20.	Tong â€“ ClÃ£ antigo. CaracterÃ­stica: ancestralidade."
"ğŸŸ¢ AMÃ‰RICA DO NORTE"
"ğŸ‡ºğŸ‡¸ Estados Unidos"
"(Sobrenomes comuns vÃªm de colonizadores ingleses, irlandeses, alemÃ£es e escoceses)"
"1.	Smith â€“ ProfissÃ£o: ferreiro. CaracterÃ­stica: trabalho manual."
"2.	Johnson â€“ â€œFilho de Johnâ€. CaracterÃ­stica: linhagem."
"3.	Williams â€“ â€œFilho de Williamâ€. CaracterÃ­stica: heranÃ§a familiar."
"4.	Brown â€“ Cor do cabelo ou pele. CaracterÃ­stica: descriÃ§Ã£o fÃ­sica."
"5.	Jones â€“ â€œFilho de Johnâ€. CaracterÃ­stica: descendÃªncia."
"6.	Miller â€“ ProfissÃ£o: moleiro. CaracterÃ­stica: trabalho agrÃ­cola."
"7.	Davis â€“ â€œFilho de Davidâ€. CaracterÃ­stica: tradiÃ§Ã£o familiar."
"8.	Wilson â€“ â€œFilho de Willâ€. CaracterÃ­stica: ancestralidade."
"9.	Anderson â€“ â€œFilho de Andrewâ€. CaracterÃ­stica: origem."
"10.	Taylor â€“ ProfissÃ£o: alfaiate. CaracterÃ­stica: ofÃ­cio."
"11.	Thomas â€“ â€œFilho de Thomasâ€. CaracterÃ­stica: famÃ­lia."
"12.	Moore â€“ Ligado a charnecas ou terras. CaracterÃ­stica: geografia."
"13.	Martin â€“ Do nome latino Martinus. CaracterÃ­stica: tradiÃ§Ã£o cristÃ£."
"14.	Jackson â€“ â€œFilho de Jackâ€. CaracterÃ­stica: descendÃªncia."
"15.	White â€“ Cor da pele ou cabelo. CaracterÃ­stica: identificaÃ§Ã£o fÃ­sica."
"16.	Harris â€“ â€œFilho de Harryâ€. CaracterÃ­stica: ancestralidade."
"17.	Clark â€“ ProfissÃ£o: escrivÃ£o. CaracterÃ­stica: serviÃ§o administrativo."
"18.	Lewis â€“ De origem germÃ¢nica, â€œfamoso guerreiroâ€. CaracterÃ­stica: prestÃ­gio."
"19.	Walker â€“ ProfissÃ£o: lavrador de tecidos. CaracterÃ­stica: trabalho artesanal."
"20.	Hall â€“ Ligado a grandes casas ou salÃµes. CaracterÃ­stica: status social."
"________________________________________"
"ğŸ‡¨ğŸ‡¦ CanadÃ¡"
"(Mistura de sobrenomes ingleses e franceses)"
"1.	Tremblay â€“ Origem francesa, aldeia na Nova FranÃ§a. CaracterÃ­stica: tradiÃ§Ã£o local."
"2.	Gagnon â€“ Sobrenome francÃªs antigo. CaracterÃ­stica: raÃ­zes familiares."
"3.	Roy â€“ â€œReiâ€ em francÃªs. CaracterÃ­stica: prestÃ­gio."
"4.	Pelletier â€“ ProfissÃ£o: curtidor de peles. CaracterÃ­stica: ofÃ­cio."
"5.	Bouchard â€“ Nome antigo francÃªs. CaracterÃ­stica: heranÃ§a."
"6.	Gauthier â€“ Do germÃ¢nico â€œWaldheriâ€. CaracterÃ­stica: autoridade."
"7.	Morin â€“ Localidade francesa. CaracterÃ­stica: origem regional."
"8.	Lavoie â€“ â€œO caminho / estradaâ€. CaracterÃ­stica: geografia."
"9.	Fortin â€“ Pequena fortaleza. CaracterÃ­stica: proteÃ§Ã£o."
"10.	Smith â€“ ProfissÃ£o: ferreiro (heranÃ§a inglesa). CaracterÃ­stica: trabalho manual."
"11.	Brown â€“ Cor do cabelo ou pele. CaracterÃ­stica: descriÃ§Ã£o fÃ­sica."
"12.	Wilson â€“ â€œFilho de Willâ€. CaracterÃ­stica: descendÃªncia."
"13.	Campbell â€“ De origem escocesa. CaracterÃ­stica: clÃ£ familiar."
"14.	MacDonald â€“ ClÃ£ escocÃªs. CaracterÃ­stica: heranÃ§a tribal."
"15.	Anderson â€“ â€œFilho de Andrewâ€. CaracterÃ­stica: ancestralidade."
"16.	Thompson â€“ â€œFilho de Thomasâ€. CaracterÃ­stica: tradiÃ§Ã£o familiar."
"17.	Martin â€“ Nome cristÃ£o tradicional. CaracterÃ­stica: prestÃ­gio."
"18.	Taylor â€“ ProfissÃ£o: alfaiate. CaracterÃ­stica: ofÃ­cio."
"19.	Clark â€“ ProfissÃ£o: escriba. CaracterÃ­stica: administraÃ§Ã£o."
"20.	Young â€“ â€œJovemâ€. CaracterÃ­stica: idade ou posiÃ§Ã£o familiar."
"________________________________________"
"ğŸ‡²ğŸ‡½ MÃ©xico"
"(Sobrenomes espanhÃ³is herdados da colonizaÃ§Ã£o)"
"1.	HernÃ¡ndez â€“ â€œFilho de Hernandoâ€. CaracterÃ­stica: descendÃªncia."
"2.	GarcÃ­a â€“ Sobrenome medieval espanhol. CaracterÃ­stica: tradiÃ§Ã£o histÃ³rica."
"3.	MartÃ­nez â€“ â€œFilho de MartÃ­nâ€. CaracterÃ­stica: linhagem."
"4.	LÃ³pez â€“ â€œFilho de Lopeâ€. CaracterÃ­stica: heranÃ§a familiar."
"5.	GonzÃ¡lez â€“ â€œFilho de Gonzaloâ€. CaracterÃ­stica: famÃ­lia."
"6.	PÃ©rez â€“ â€œFilho de Pedroâ€. CaracterÃ­stica: descendÃªncia."
"7.	SÃ¡nchez â€“ â€œFilho de Sanchoâ€. CaracterÃ­stica: ancestralidade."
"8.	RamÃ­rez â€“ â€œFilho de Ramiroâ€. CaracterÃ­stica: tradiÃ§Ã£o."
"9.	Cruz â€“ SÃ­mbolo religioso cristÃ£o. CaracterÃ­stica: fÃ©."
"10.	Flores â€“ Ligado a flores ou jardins. CaracterÃ­stica: natureza."
"11.	GÃ³mez â€“ â€œFilho de Gomeâ€. CaracterÃ­stica: linhagem."
"12.	Morales â€“ Localidade ou propriedade rural. CaracterÃ­stica: terra."
"13.	Torres â€“ â€œTorresâ€ ou fortalezas. CaracterÃ­stica: defesa."
"14.	Rivera â€“ â€œBeira do rioâ€. CaracterÃ­stica: geografia."
"15.	Ãlvarez â€“ â€œFilho de Ãlvaroâ€. CaracterÃ­stica: famÃ­lia."
"16.	Castillo â€“ â€œCasteloâ€. CaracterÃ­stica: proteÃ§Ã£o."
"17.	Ortiz â€“ â€œFilho de Ortiâ€. CaracterÃ­stica: descendÃªncia."
"18.	Romero â€“ Peregrino ou romeiro. CaracterÃ­stica: religiosidade."
"19.	Mendoza â€“ Localidade espanhola. CaracterÃ­stica: origem geogrÃ¡fica."
"20.	Vargas â€“ Localidade ou fortaleza. CaracterÃ­stica: heranÃ§a histÃ³rica."
"ğŸŸ¢ AMÃ‰RICA CENTRAL"
"ğŸ‡¬ğŸ‡¹ Guatemala"
"1.	LÃ³pez â€“ â€œFilho de Lopeâ€. CaracterÃ­stica: descendÃªncia."
"2.	PÃ©rez â€“ â€œFilho de Pedroâ€. CaracterÃ­stica: linhagem."
"3.	GarcÃ­a â€“ Sobrenome medieval espanhol. CaracterÃ­stica: tradiÃ§Ã£o histÃ³rica."
"4.	Morales â€“ Ligado a propriedades rurais. CaracterÃ­stica: geografia/agricultura."
"5.	HernÃ¡ndez â€“ â€œFilho de Hernandoâ€. CaracterÃ­stica: heranÃ§a familiar."
"6.	GonzÃ¡lez â€“ â€œFilho de Gonzaloâ€. CaracterÃ­stica: descendÃªncia."
"7.	Castillo â€“ â€œCastelo / fortalezaâ€. CaracterÃ­stica: defesa ou status."
"8.	RamÃ­rez â€“ â€œFilho de Ramiroâ€. CaracterÃ­stica: ancestralidade."
"9.	Cruz â€“ SÃ­mbolo religioso cristÃ£o. CaracterÃ­stica: fÃ©."
"10.	Flores â€“ Ligado a flores ou jardins. CaracterÃ­stica: natureza/beleza."
"11.	GÃ³mez â€“ â€œFilho de Gomeâ€. CaracterÃ­stica: linhagem."
"12.	Reyes â€“ â€œReisâ€ ou honraria. CaracterÃ­stica: prestÃ­gio."
"13.	Alvarez â€“ â€œFilho de Ãlvaroâ€. CaracterÃ­stica: descendÃªncia."
"14.	Ortiz â€“ â€œFilho de Ortiâ€. CaracterÃ­stica: tradiÃ§Ã£o familiar."
"15.	MÃ©ndez â€“ â€œFilho de Mendoâ€. CaracterÃ­stica: heranÃ§a."
"16.	Aguilar â€“ De local com Ã¡guias. CaracterÃ­stica: geografia."
"17.	Escobar â€“ Ligado a arbustos ou terrenos espinhosos. CaracterÃ­stica: natureza."
"18.	Salazar â€“ ProvÃ¡vel origem basca, â€œterra de salâ€. CaracterÃ­stica: geografia."
"19.	Cabrera â€“ Ligado a cabras ou pastos. CaracterÃ­stica: ocupaÃ§Ã£o rural."
"20.	Rojas â€“ Cor vermelha, cabelo ou pele. CaracterÃ­stica: descriÃ§Ã£o fÃ­sica."
"________________________________________"
"ğŸ‡­ğŸ‡³ Honduras"
"1.	HernÃ¡ndez â€“ â€œFilho de Hernandoâ€. CaracterÃ­stica: descendÃªncia."
"2.	LÃ³pez â€“ â€œFilho de Lopeâ€. CaracterÃ­stica: linhagem."
"3.	MartÃ­nez â€“ â€œFilho de MartÃ­nâ€. CaracterÃ­stica: tradiÃ§Ã£o familiar."
"4.	GarcÃ­a â€“ Sobrenome histÃ³rico espanhol. CaracterÃ­stica: prestÃ­gio."
"5.	RodrÃ­guez â€“ â€œFilho de Rodrigoâ€. CaracterÃ­stica: descendÃªncia."
"6.	PÃ©rez â€“ â€œFilho de Pedroâ€. CaracterÃ­stica: ancestralidade."
"7.	SÃ¡nchez â€“ â€œFilho de Sanchoâ€. CaracterÃ­stica: linhagem."
"8.	RamÃ­rez â€“ â€œFilho de Ramiroâ€. CaracterÃ­stica: famÃ­lia."
"9.	Flores â€“ Ligado a flores. CaracterÃ­stica: natureza."
"10.	Cruz â€“ SÃ­mbolo cristÃ£o. CaracterÃ­stica: fÃ©."
"11.	Reyes â€“ â€œReisâ€ ou prestÃ­gio. CaracterÃ­stica: honra."
"12.	GÃ³mez â€“ â€œFilho de Gomeâ€. CaracterÃ­stica: linhagem."
"13.	Morales â€“ Ligado Ã  terra ou fazendas. CaracterÃ­stica: geografia."
"14.	Castillo â€“ â€œCastelo / fortalezaâ€. CaracterÃ­stica: status ou proteÃ§Ã£o."
"15.	Rivera â€“ â€œBeira do rioâ€. CaracterÃ­stica: geografia."
"16.	Torres â€“ Torres ou fortalezas. CaracterÃ­stica: defesa."
"17.	Aguilar â€“ Local com Ã¡guias. CaracterÃ­stica: geografia."
"18.	MejÃ­a â€“ â€œFilho de MesÃ­aâ€. CaracterÃ­stica: descendÃªncia."
"19.	Funes â€“ Origem espanhola antiga. CaracterÃ­stica: tradiÃ§Ã£o familiar."
"20.	Zelaya â€“ Nome de localidade espanhola. CaracterÃ­stica: origem geogrÃ¡fica."
"________________________________________"
"ğŸ‡¸ğŸ‡» El Salvador"
"1.	HernÃ¡ndez â€“ â€œFilho de Hernandoâ€. CaracterÃ­stica: descendÃªncia."
"2.	LÃ³pez â€“ â€œFilho de Lopeâ€. CaracterÃ­stica: linhagem."
"3.	MartÃ­nez â€“ â€œFilho de MartÃ­nâ€. CaracterÃ­stica: famÃ­lia."
"4.	PÃ©rez â€“ â€œFilho de Pedroâ€. CaracterÃ­stica: ancestralidade."
"5.	GarcÃ­a â€“ Sobrenome histÃ³rico espanhol. CaracterÃ­stica: tradiÃ§Ã£o."
"6.	RamÃ­rez â€“ â€œFilho de Ramiroâ€. CaracterÃ­stica: descendÃªncia."
"7.	SÃ¡nchez â€“ â€œFilho de Sanchoâ€. CaracterÃ­stica: linhagem."
"8.	Flores â€“ Ligado a flores. CaracterÃ­stica: natureza."
"9.	Cruz â€“ SÃ­mbolo cristÃ£o. CaracterÃ­stica: fÃ©."
"10.	Reyes â€“ â€œReisâ€. CaracterÃ­stica: prestÃ­gio."
"11.	Morales â€“ Terra ou fazendas. CaracterÃ­stica: geografia."
"12.	GÃ³mez â€“ â€œFilho de Gomeâ€. CaracterÃ­stica: famÃ­lia."
"13.	Torres â€“ Torres ou fortalezas. CaracterÃ­stica: proteÃ§Ã£o."
"14.	Rivera â€“ PrÃ³ximo a rios. CaracterÃ­stica: geografia."
"15.	Aguilar â€“ Local com Ã¡guias. CaracterÃ­stica: geografia."
"16.	Castro â€“ Ligado a castros ou fortalezas. CaracterÃ­stica: proteÃ§Ã£o."
"17.	MejÃ­a â€“ â€œFilho de MesÃ­aâ€. CaracterÃ­stica: descendÃªncia."
"18.	Ortiz â€“ â€œFilho de Ortiâ€. CaracterÃ­stica: tradiÃ§Ã£o familiar."
"19.	Alvarado â€“ â€œFilho de Ãlvaroâ€. CaracterÃ­stica: linhagem."
"20.	Escobar â€“ Terreno com arbustos. CaracterÃ­stica: natureza."
"________________________________________"
"ğŸ‡³ğŸ‡® NicarÃ¡gua"
"1.	LÃ³pez â€“ â€œFilho de Lopeâ€. CaracterÃ­stica: descendÃªncia."
"2.	MartÃ­nez â€“ â€œFilho de MartÃ­nâ€. CaracterÃ­stica: famÃ­lia."
"3.	GarcÃ­a â€“ Sobrenome espanhol tradicional. CaracterÃ­stica: histÃ³ria."
"4.	HernÃ¡ndez â€“ â€œFilho de Hernandoâ€. CaracterÃ­stica: linhagem."
"5.	PÃ©rez â€“ â€œFilho de Pedroâ€. CaracterÃ­stica: descendÃªncia."
"6.	RamÃ­rez â€“ â€œFilho de Ramiroâ€. CaracterÃ­stica: famÃ­lia."
"7.	SÃ¡nchez â€“ â€œFilho de Sanchoâ€. CaracterÃ­stica: linhagem."
"8.	Cruz â€“ SÃ­mbolo cristÃ£o. CaracterÃ­stica: fÃ©."
"9.	Flores â€“ Ligado a flores. CaracterÃ­stica: natureza."
"10.	GÃ³mez â€“ â€œFilho de Gomeâ€. CaracterÃ­stica: linhagem."
"11.	Morales â€“ Propriedades rurais. CaracterÃ­stica: terra."
"12.	Reyes â€“ PrestÃ­gio ou â€œreisâ€. CaracterÃ­stica: honra."
"13.	Castillo â€“ â€œCastelo / fortalezaâ€. CaracterÃ­stica: proteÃ§Ã£o."
"14.	Rivera â€“ PrÃ³ximo a rios. CaracterÃ­stica: geografia."
"15.	Torres â€“ Torres ou fortalezas. CaracterÃ­stica: status."
"16.	Aguilar â€“ Local com Ã¡guias. CaracterÃ­stica: geografia."
"17.	Rivas â€“ Ligado a rios. CaracterÃ­stica: geografia."
"18.	Alvarado â€“ â€œFilho de Ãlvaroâ€. CaracterÃ­stica: descendÃªncia."
"19.	Vargas â€“ Localidade ou fortaleza. CaracterÃ­stica: origem geogrÃ¡fica."
"20.	CalderÃ³n â€“ ReferÃªncia a caldeiras ou rios turbulentos. CaracterÃ­stica: geografia."
"________________________________________"
"ğŸ‡¨ğŸ‡· Costa Rica"
"1.	RodrÃ­guez â€“ â€œFilho de Rodrigoâ€. CaracterÃ­stica: descendÃªncia."
"2.	JimÃ©nez â€“ â€œFilho de Jimenoâ€. CaracterÃ­stica: linhagem."
"3.	GonzÃ¡lez â€“ â€œFilho de Gonzaloâ€. CaracterÃ­stica: ancestralidade."
"4.	HernÃ¡ndez â€“ â€œFilho de Hernandoâ€. CaracterÃ­stica: famÃ­lia."
"5.	Vargas â€“ Localidade fortificada. CaracterÃ­stica: geografia."
"6.	Mora â€“ Ligado a amoreiras ou localidade. CaracterÃ­stica: natureza/geografia."
"7.	Rojas â€“ Cor vermelha, cabelo ou pele. CaracterÃ­stica: fÃ­sica."
"8.	Chaves â€“ Ligado a portÃµes ou fechaduras. CaracterÃ­stica: proteÃ§Ã£o."
"9.	SolÃ­s â€“ Ligado ao sol ou orientaÃ§Ã£o geogrÃ¡fica. CaracterÃ­stica: natureza."
"10.	RamÃ­rez â€“ â€œFilho de Ramiroâ€. CaracterÃ­stica: descendÃªncia."
"11.	Castro â€“ FortificaÃ§Ã£o ou castelo. CaracterÃ­stica: status."
"12.	Alvarado â€“ â€œFilho de Ãlvaroâ€. CaracterÃ­stica: linhagem."
"13.	Herrera â€“ ProfissÃ£o: ferreiro. CaracterÃ­stica: ofÃ­cio."
"14.	Araya â€“ De localidade espanhola. CaracterÃ­stica: origem geogrÃ¡fica."
"15.	Cordero â€“ ProfissÃ£o ou animal. CaracterÃ­stica: ofÃ­cio ou natureza."
"16.	Salazar â€“ Terra de sal ou localidade. CaracterÃ­stica: geografia."
"17.	Soto â€“ Campo ou bosque. CaracterÃ­stica: geografia."
"18.	Quesada â€“ Localidade espanhola. CaracterÃ­stica: origem regional."
"19.	CalderÃ³n â€“ Rios turbulentos ou caldeiras. CaracterÃ­stica: geografia."
"20.	Molina â€“ ProfissÃ£o: moleiro. CaracterÃ­stica: ofÃ­cio."
"________________________________________"
"ğŸ‡µğŸ‡¦ PanamÃ¡"
"1.	RodrÃ­guez â€“ â€œFilho de Rodrigoâ€. CaracterÃ­stica: descendÃªncia."
"2.	GonzÃ¡lez â€“ â€œFilho de Gonzaloâ€. CaracterÃ­stica: ancestralidade."
"3.	MartÃ­nez â€“ â€œFilho de MartÃ­nâ€. CaracterÃ­stica: tradiÃ§Ã£o familiar."
"4.	LÃ³pez â€“ â€œFilho de Lopeâ€. CaracterÃ­stica: descendÃªncia."
"5.	HernÃ¡ndez â€“ â€œFilho de Hernandoâ€. CaracterÃ­stica: famÃ­lia."
"6.	PÃ©rez â€“ â€œFilho de Pedroâ€. CaracterÃ­stica: linhagem."
"7.	SÃ¡nchez â€“ â€œFilho de Sanchoâ€. CaracterÃ­stica: descendÃªncia."
"8.	Torres â€“ Torres ou fortalezas. CaracterÃ­stica: proteÃ§Ã£o."
"9.	Rivera â€“ PrÃ³ximo a rios. CaracterÃ­stica: geografia."
"10.	Castillo â€“ â€œCastelo / fortalezaâ€. CaracterÃ­stica: status."
"11.	Morales â€“ Ligado a terras. CaracterÃ­stica: geografia."
"12.	Flores â€“ Flores ou jardins. CaracterÃ­stica: natureza."
"13.	Cruz â€“ SÃ­mbolo cristÃ£o. CaracterÃ­stica: fÃ©."
"14.	GÃ³mez â€“ â€œFilho de Gomeâ€. CaracterÃ­stica: famÃ­lia."
"15.	RÃ­os â€“ PrÃ³ximo a rios. CaracterÃ­stica: geografia."
"16.	Herrera â€“ ProfissÃ£o: ferreiro. CaracterÃ­stica: ofÃ­cio."
"17.	Batista â€“ Ligado a JoÃ£o Batista ou profissÃ£o religiosa. CaracterÃ­stica: tradiÃ§Ã£o religiosa."
"18.	Pineda â€“ Ãrea de pinheiros. CaracterÃ­stica: geografia/natureza."
"19.	VÃ¡squez â€“ â€œFilho de Vascoâ€. CaracterÃ­stica: descendÃªncia."
"20.	Figueroa â€“ Localidade ou Ã¡rvore de figo. CaracterÃ­stica: geografia/natureza."
"ğŸ‡§ğŸ‡· Brasil"
"(Muito predominante de origem portuguesa â€” muitos sÃ£o toponÃ­micos ou patronÃ­micos)"
"1.	Silva â€“ Vem do latim silva (â€œselva/florestaâ€), usado por famÃ­lias portuguesas antigas. CaracterÃ­stica: ligaÃ§Ã£o geogrÃ¡fica/colonizaÃ§Ã£o."
"2.	Santos â€“ Significa â€œsantosâ€, do Dia de Todos os Santos; usado tambÃ©m por ex-escravos e colonos. CaracterÃ­stica: religioso/social."
"3.	Oliveira â€“ Ligado Ã  Ã¡rvore de oliva, sÃ­mbolo de paz; usado por colonos portugueses. CaracterÃ­stica: natureza/religiÃ£o."
"4.	Pereira â€“ Vem de locais com pereiras. CaracterÃ­stica: toponÃ­mico rural."
"5.	Costa â€“ â€œBeira-marâ€; nome de famÃ­lias de Ã¡reas costeiras ou antigas terras nobres. CaracterÃ­stica: geografia."
"6.	Rodrigues â€“ â€œFilho de Rodrigoâ€. CaracterÃ­stica: patronÃ­mico."
"7.	Alves â€“ â€œFilho de Ãlvaroâ€. CaracterÃ­stica: patronÃ­mico."
"8.	Lima â€“ De regiÃµes ligadas ao rio Lima (Portugal). CaracterÃ­stica: geografia/colono."
"9.	Gomes â€“ â€œFilho de Gomeâ€. CaracterÃ­stica: patronÃ­mico."
"10.	Ribeiro â€“ â€œPequeno rioâ€; nome geogrÃ¡fico. CaracterÃ­stica: natureza."
"11.	Martins â€“ â€œFilho de Martinâ€. CaracterÃ­stica: patronÃ­mico."
"12.	AraÃºjo â€“ Origem portuguesa/galÃ­cia antiga. CaracterÃ­stica: localidade."
"13.	Rocha â€“ Referente a terreno rochoso. CaracterÃ­stica: natureza/geografia."
"14.	Barros â€“ Provavelmente ligado a terras lamacentas. CaracterÃ­stica: geografia."
"15.	Teixeira â€“ Vem de â€œteixoâ€ (Ã¡rvore). CaracterÃ­stica: natureza."
"16.	Fernandes â€“ â€œFilho de Fernandoâ€. CaracterÃ­stica: patronÃ­mico."
"17.	Azevedo â€“ De Ã¡reas de azevinho (planta). CaracterÃ­stica: natureza."
"18.	Batista â€“ Ligado a JoÃ£o Batista (religioso). CaracterÃ­stica: religioso."
"19.	Moreira â€“ Relacionado Ã  amoreira (Ã¡rvore). CaracterÃ­stica: natureza."
"20.	Nogueira â€“ Vem de nogueiras (Ã¡rvore). CaracterÃ­stica: natureza."
"________________________________________"
"ğŸ‡¦ğŸ‡· Argentina"
"(PredominÃ¢ncia de sobrenomes espanhÃ³is patronÃ­micos)"
"1.	GonzÃ¡lez â€“ â€œFilho de Gonzaloâ€ / â€œguerreiro nobreâ€. CaracterÃ­stica: patronÃ­mico de origem germÃ¢nica via espanhol."
"2.	RodrÃ­guez â€“ â€œFilho de Rodrigoâ€. CaracterÃ­stica: patronÃ­mico."
"3.	FernÃ¡ndez â€“ â€œFilho de Fernandoâ€. CaracterÃ­stica: patronÃ­mico."
"4.	LÃ³pez â€“ â€œFilho de Lopeâ€. CaracterÃ­stica: patronÃ­mico."
"5.	MartÃ­nez â€“ â€œFilho de MartÃ­nâ€. CaracterÃ­stica: patronÃ­mico."
"6.	PÃ©rez â€“ â€œFilho de Pedroâ€. CaracterÃ­stica: patronÃ­mico."
"7.	GarcÃ­a â€“ Vem de palavra antiga, possivelmente significando â€œjovemâ€. CaracterÃ­stica: tradiÃ§Ã£o."
"8.	SÃ¡nchez â€“ â€œFilho de Sanchoâ€. CaracterÃ­stica: patronÃ­mico."
"9.	Romero â€“ Relacionado a peregrinos a Roma. CaracterÃ­stica: religioso/geogrÃ¡fico."
"10.	Torres â€“ Torres ou fortalezas. CaracterÃ­stica: geografia."
"11.	DÃ­az â€“ â€œFilho de Diegoâ€. CaracterÃ­stica: patronÃ­mico."
"12.	Alvarez â€“ â€œFilho de Ãlvaroâ€. CaracterÃ­stica: patronÃ­mico."
"13.	Ruiz â€“ â€œFilho de Ruyâ€. CaracterÃ­stica: patronÃ­mico."
"14.	Herrera â€“ Relacionado a ferreiros. CaracterÃ­stica: profissÃ£o."
"15.	Castro â€“ â€œCastelo / fortificaÃ§Ã£oâ€. CaracterÃ­stica: geografia/nobreza histÃ³rica."
"16.	Morales â€“ â€œMoraisâ€ / terra de amoreiras. CaracterÃ­stica: geografia."
"17.	Vega â€“ â€œPlanÃ­cie fÃ©rtilâ€. CaracterÃ­stica: natureza."
"18.	Rojas â€“ Cor vermelha. CaracterÃ­stica: fÃ­sico/apelido."
"19.	BenÃ­tez â€“ â€œFilho de Benitoâ€. CaracterÃ­stica: patronÃ­mico."
"20.	DomÃ­nguez â€“ â€œFilho de Domingoâ€. CaracterÃ­stica: patronÃ­mico."
"________________________________________"
"ğŸ‡¨ğŸ‡´ ColÃ´mbia"
"(Sobrenomes espanhÃ³is refletem colonizaÃ§Ã£o)"
"1.	RodrÃ­guez â€“ â€œFilho de Rodrigoâ€. CaracterÃ­stica: patronÃ­mico."
"2.	GarcÃ­a â€“ Tradicional espanhol. CaracterÃ­stica: patronÃ­mico/antigo."
"3.	MartÃ­nez â€“ â€œFilho de MartÃ­nâ€. CaracterÃ­stica: patronÃ­mico."
"4.	LÃ³pez â€“ â€œFilho de Lopeâ€. CaracterÃ­stica: patronÃ­mico."
"5.	HernÃ¡ndez â€“ â€œFilho de Hernandoâ€. CaracterÃ­stica: patronÃ­mico."
"6.	GonzÃ¡lez â€“ â€œFilho de Gonzaloâ€. CaracterÃ­stica: patronÃ­mico."
"7.	PÃ©rez â€“ â€œFilho de Pedroâ€. CaracterÃ­stica: patronÃ­mico."
"8.	SÃ¡nchez â€“ â€œFilho de Sanchoâ€. CaracterÃ­stica: patronÃ­mico."
"9.	RamÃ­rez â€“ â€œFilho de Ramiroâ€. CaracterÃ­stica: patronÃ­mico."
"10.	Torres â€“ Torres/fortaleza. CaracterÃ­stica: geografia."
"11.	GÃ³mez â€“ â€œFilho de Gomeâ€. CaracterÃ­stica: patronÃ­mico."
"12.	Morales â€“ Terra de amoreiras. CaracterÃ­stica: geografia."
"13.	DÃ­az â€“ â€œFilho de Diegoâ€. CaracterÃ­stica: patronÃ­mico."
"14.	Castro â€“ FortificaÃ§Ã£o/castelo. CaracterÃ­stica: nobreza geogrÃ¡fica."
"15.	Romero â€“ Peregrino. CaracterÃ­stica: religioso."
"16.	Rojas â€“ Cor vermelha. CaracterÃ­stica: fÃ­sico."
"17.	Vargas â€“ Localidade de origem. CaracterÃ­stica: geografia."
"18.	Cruz â€“ Cruz cristÃ£. CaracterÃ­stica: religiÃ£o."
"19.	Herrera â€“ Ferreiro. CaracterÃ­stica: profissÃ£o."
"20.	Medina â€“ De local chamado Medina. CaracterÃ­stica: geografia."
"________________________________________"
"ğŸ‡¨ğŸ‡± Chile"
"(PredomÃ­nio espanhol, muito parecido com Argentina e ColÃ´mbia)"
"1.	GonzÃ¡lez â€“ â€œFilho de Gonzaloâ€. CaracterÃ­stica: patronÃ­mico."
"2.	MuÃ±oz â€“ â€œFilho de MuÃ±oâ€. CaracterÃ­stica: patronÃ­mico."
"3.	Rojas â€“ Cor vermelha. CaracterÃ­stica: fÃ­sico."
"4.	DÃ­az â€“ â€œFilho de Diegoâ€. CaracterÃ­stica: patronÃ­mico."
"5.	PÃ©rez â€“ â€œFilho de Pedroâ€. CaracterÃ­stica: patronÃ­mico."
"6.	Soto â€“ â€œBosque/jardimâ€. CaracterÃ­stica: natureza."
"7.	Contreras â€“ De lugar chamado Contreras. CaracterÃ­stica: geografia."
"8.	Silva â€“ Silva (floresta), trazido pelos portugueses. CaracterÃ­stica: geografia/colonizaÃ§Ã£o."
"9.	MartÃ­nez â€“ â€œFilho de MartÃ­nâ€. CaracterÃ­stica: patronÃ­mico."
"10.	SepÃºlveda â€“ De local chamado SepÃºlveda. CaracterÃ­stica: geografia."
"11.	Morales â€“ Terra de amoreiras. CaracterÃ­stica: natureza."
"12.	RodrÃ­guez â€“ â€œFilho de Rodrigoâ€. CaracterÃ­stica: patronÃ­mico."
"13.	Herrera â€“ Ferreiro. CaracterÃ­stica: profissÃ£o."
"14.	Castro â€“ Castelo/fortaleza. CaracterÃ­stica: geografia."
"15.	RamÃ­rez â€“ â€œFilho de Ramiroâ€. CaracterÃ­stica: patronÃ­mico."
"16.	Flores â€“ Flores / natureza. CaracterÃ­stica: natureza."
"17.	Reyes â€“ â€œReisâ€. CaracterÃ­stica: prestÃ­gio."
"18.	GutiÃ©rrez â€“ â€œFilho de Gutierreâ€. CaracterÃ­stica: patronÃ­mico."
"19.	CÃ¡rdenas â€“ De local chamado CÃ¡rdenas. CaracterÃ­stica: geografia."
"20.	Vega â€“ PlanÃ­cie. CaracterÃ­stica: natureza."
"________________________________________"
"ğŸ‡µğŸ‡ª Peru"
"(Mistura espanhola com forte presenÃ§a indÃ­gena em nomes como Quispe e Mamani)"
"1.	Quispe â€“ De origem aimarÃ¡, possivelmente â€œpedra preciosaâ€. CaracterÃ­stica: indÃ­gena andino."
"2.	Flores â€“ Flores / natureza. CaracterÃ­stica: natureza."
"3.	GarcÃ­a â€“ Tradicional espanhol. CaracterÃ­stica: patronÃ­mico."
"4.	RodrÃ­guez â€“ â€œFilho de Rodrigoâ€. CaracterÃ­stica: patronÃ­mico."
"5.	LÃ³pez â€“ â€œFilho de Lopeâ€. CaracterÃ­stica: patronÃ­mico."
"6.	PÃ©rez â€“ â€œFilho de Pedroâ€. Caracteridade: patronÃ­mico."
"7.	SÃ¡nchez â€“ â€œFilho de Sanchoâ€. CaracterÃ­stica: patronÃ­mico."
"8.	RamÃ­rez â€“ â€œFilho de Ramiroâ€. CaracterÃ­stica: patronÃ­mico."
"9.	Torres â€“ Torres / fortalezas. CaracterÃ­stica: geografia."
"10.	Rojas â€“ Cor vermelha. CaracterÃ­stica: fÃ­sico."
"11.	DÃ­az â€“ â€œFilho de Diegoâ€. CaracterÃ­stica: patronÃ­mico."
"12.	Castillo â€“ Castelo/fortaleza. CaracterÃ­stica: geografia."
"13.	Mendoza â€“ Localidade espanhola. CaracterÃ­stica: geografia."
"14.	Morales â€“ Terra de amoreiras. CaracterÃ­stica: natureza."
"15.	Cruz â€“ Cruz cristÃ£. CaracterÃ­stica: religiÃ£o."
"16.	Vargas â€“ Localidade. CaracterÃ­stica: geografia."
"17.	ChÃ¡vez â€“ De â€œChavesâ€, localidade ibÃ©rica. CaracterÃ­stica: geografia."
"18.	HuamÃ¡n â€“ De origem quÃ©chua (â€œguerreiroâ€). CaracterÃ­stica: indÃ­gena."
"19.	Mamani â€“ Aymara, â€œirmÃ£oâ€. CaracterÃ­stica: indÃ­gena andino."
"20.	Paredes â€“ â€œParedes / murosâ€. CaracterÃ­stica: geografia."
"________________________________________"
"ğŸ‡»ğŸ‡ª Venezuela"
"(Muy parecido a Argentina/Chile â€“ forte origem espanhola)"
"1.	GonzÃ¡lez â€“ â€œFilho de Gonzaloâ€. CaracterÃ­stica: patronÃ­mico."
"2.	RodrÃ­guez â€“ â€œFilho de Rodrigoâ€. CaracterÃ­stica: patronÃ­mico."
"3.	GarcÃ­a â€“ Tradicional espanhol. CaracterÃ­stica: patronÃ­mico."
"4.	PÃ©rez â€“ â€œFilho de Pedroâ€. CaracterÃ­stica: patronÃ­mico."
"5.	HernÃ¡ndez â€“ â€œFilho de Hernandoâ€. CaracterÃ­stica: patronÃ­mico."
"6.	SÃ¡nchez â€“ â€œFilho de Sanchoâ€. CaracterÃ­stica: patronÃ­mico."
"7.	MartÃ­nez â€“ â€œFilho de MartÃ­nâ€. CaracterÃ­stica: patronÃ­mico."
"8.	LÃ³pez â€“ â€œFilho de Lopeâ€. CaracterÃ­stica: patronÃ­mico."
"9.	DÃ­az â€“ â€œFilho de Diegoâ€. CaracterÃ­stica: patronÃ­mico."
"10.	RamÃ­rez â€“ â€œFilho de Ramiroâ€. CaracterÃ­stica: patronÃ­mico."
"11.	Torres â€“ Torres/fortaleza. CaracterÃ­stica: geografia."
"12.	Flores â€“ Flores / natureza. CaracterÃ­stica: natureza."
"13.	Morales â€“ Terra de amoreiras. CaracterÃ­stica: natureza."
"14.	Castro â€“ Castelo/fortaleza. CaracterÃ­stica: geografia."
"15.	Rojas â€“ Cor vermelha. CaracterÃ­stica: fÃ­sico."
"16.	Herrera â€“ Ferreiro. CaracterÃ­stica: profissÃ£o."
"17.	Medina â€“ Localidade. CaracterÃ­stica: geografia."
"18.	Romero â€“ Peregrino. CaracterÃ­stica: religioso."
"19.	Vargas â€“ Localidade. CaracterÃ­stica: geografia."
"20.	Cruz â€“ Cruz cristÃ£. CaracterÃ­stica: religiÃ£o."
"________________________________________"
"ğŸ‡§ğŸ‡´ BolÃ­via"
"(Mistura de espanhol com alguns sobrenomes indÃ­genas andinos)"
"1.	Mamani â€“ Aymara, â€œirmÃ£oâ€. CaracterÃ­stica: indÃ­gena andino."
"2.	Quispe â€“ Aymara, possivelmente â€œpedra preciosaâ€. CaracterÃ­stica: indÃ­gena."
"3.	Flores â€“ Flores / natureza. CaracterÃ­stica: natureza."
"4.	Choque â€“ De origem quechua/aimarÃ¡ (â€œguerra / ferroâ€). CaracterÃ­stica: indÃ­gena."
"5.	Rojas â€“ Cor vermelha. CaracterÃ­stica: fÃ­sico."
"6.	GarcÃ­a â€“ Tradicional espanhol. CaracterÃ­stica: patronÃ­mico."
"7.	RodrÃ­guez â€“ â€œFilho de Rodrigoâ€. CaracterÃ­stica: patronÃ­mico."
"8.	PÃ©rez â€“ â€œFilho de Pedroâ€. CaracterÃ­stica: patronÃ­mico."
"9.	SÃ¡nchez â€“ â€œFilho de Sanchoâ€. CaracterÃ­stica: patronÃ­mico."
"10.	Vargas â€“ Localidade. CaracterÃ­stica: geografia."
"11.	Cruz â€“ Cruz cristÃ£. CaracterÃ­stica: religiÃ£o."
"12.	Condori â€“ Aymara/Quechua, â€œcÃ³ndorâ€. CaracterÃ­stica: indÃ­gena."
"13.	Huanca â€“ De origem indÃ­gena andina. CaracterÃ­stica: indÃ­gena."
"14.	Apaza â€“ Aymara. CaracterÃ­stica: indÃ­gena."
"15.	FernÃ¡ndez â€“ â€œFilho de Fernandoâ€. CaracterÃ­stica: patronÃ­mico."
"16.	Torres â€“ Torres/fortaleza. CaracterÃ­stica: geografia."
"17.	Mendoza â€“ Localidade espanhola. CaracterÃ­stica: geografia."
"18.	Alvarez â€“ â€œFilho de Ãlvaroâ€. CaracterÃ­stica: patronÃ­mico."
"19.	Romero â€“ Peregrino. CaracterÃ­stica: religioso."
"20.	Castro â€“ Castelo/fortaleza. CaracterÃ­stica: geografia."
"________________________________________"
"ğŸ‡µğŸ‡¾ Paraguai"
"(PredominÃ¢ncia espanhola, mesmo padrÃ£o patronÃ­mico)"
"1.	GonzÃ¡lez â€“ â€œFilho de Gonzaloâ€. CaracterÃ­stica: patronÃ­mico."
"2.	LÃ³pez â€“ â€œFilho de Lopeâ€. CaracterÃ­stica: patronÃ­mico."
"3.	MartÃ­nez â€“ â€œFilho de MartÃ­nâ€. CaracterÃ­stica: patronÃ­mico."
"4.	RodrÃ­guez â€“ â€œFilho de Rodrigoâ€. CaracterÃ­stica: patronÃ­mico."
"5.	PÃ©rez â€“ â€œFilho de Pedroâ€. CaracterÃ­stica: patronÃ­mico."
"6.	GÃ³mez â€“ â€œFilho de Gomeâ€. CaracterÃ­stica: patronÃ­mico."
"7.	FernÃ¡ndez â€“ â€œFilho de Fernandoâ€. CaracterÃ­stica: patronÃ­mico."
"8.	SÃ¡nchez â€“ â€œFilho de Sanchoâ€. CaracterÃ­stica: patronÃ­mico."
"9.	RamÃ­rez â€“ â€œFilho de Ramiroâ€. CaracterÃ­stica: patronÃ­mico."
"10.	Duarte â€“ â€œFilho de Eduardoâ€. CaracterÃ­stica: patronÃ­mico."
"11.	BenÃ­tez â€“ â€œFilho de Benitoâ€. CaracterÃ­stica: patronÃ­mico."
"12.	Escobar â€“ Terreno espinhoso. CaracterÃ­stica: geografia."
"13.	Acosta â€“ â€œPlantaÃ§Ã£oâ€ ou â€œcostaâ€. CaracterÃ­stica: natureza."
"14.	Vera â€“ Lugar verde/planÃ­cie. CaracterÃ­stica: natureza."
"15.	Rojas â€“ Cor vermelha. CaracterÃ­stica: fÃ­sico."
"16.	Medina â€“ Cidade ou localidade. CaracterÃ­stica: geografia."
"17.	Villalba â€“ â€œAldeia brancaâ€. CaracterÃ­stica: geografia."
"18.	Ayala â€“ Localidade (Espanha). CaracterÃ­stica: geografia."
"19.	Cabrera â€“ Pastos de cabras. CaracterÃ­stica: natureza."
"20.	Franco â€“ â€œLivre / francoâ€. CaracterÃ­stica: status."
""
""
""
"ğŸ‡ºğŸ‡¾ URUGUAI"
"1.	RodrÃ­guez â€“ PatronÃ­mico espanhol: â€œfilho de Rodrigoâ€"
"2.	GonzÃ¡lez â€“ PatronÃ­mico: â€œfilho de Gonzaloâ€"
"3.	FernÃ¡ndez â€“ PatronÃ­mico: â€œfilho de Fernandoâ€"
"4.	MartÃ­nez â€“ PatronÃ­mico: â€œfilho de MartÃ­nâ€"
"5.	LÃ³pez â€“ PatronÃ­mico: â€œfilho de Lopeâ€"
"6.	PÃ©rez â€“ PatronÃ­mico: â€œfilho de Pedroâ€"
"7.	GarcÃ­a â€“ Sobrenome prÃ©-romano ibÃ©rico, muito antigo"
"8.	SÃ¡nchez â€“ PatronÃ­mico: â€œfilho de Sanchoâ€"
"9.	Romero â€“ ToponÃ­mico/religioso (peregrino a Roma)"
"10.	Silva â€“ PortuguÃªs/latino: â€œselva, florestaâ€"
"11.	Torres â€“ ToponÃ­mico: quem vivia perto de torres"
"12.	DÃ­az â€“ PatronÃ­mico: â€œfilho de Diegoâ€"
"13.	Castro â€“ ToponÃ­mico: castelo ou fortificaÃ§Ã£o"
"14.	Morales â€“ ToponÃ­mico: terras de amoreiras"
"15.	Rojas â€“ Descritivo: cor vermelha / terras avermelhadas"
"16.	Herrera â€“ Ocupacional: ferreiro"
"17.	Ãlvarez â€“ PatronÃ­mico: â€œfilho de Ãlvaroâ€"
"18.	Cabrera â€“ Ocupacional: criador de cabras"
"19.	Pereira â€“ PortuguÃªs: â€œpereira, Ã¡rvoreâ€"
"20.	Acosta â€“ ToponÃ­mico: â€œda costaâ€"
"________________________________________"
"ğŸ‡ªğŸ‡¨ EQUADOR"
"1.	GarcÃ­a â€“ Sobrenome ibÃ©rico antiquÃ­ssimo"
"2.	RodrÃ­guez â€“ PatronÃ­mico de Rodrigo"
"3.	LÃ³pez â€“ PatronÃ­mico de Lope"
"4.	PÃ©rez â€“ PatronÃ­mico de Pedro"
"5.	SÃ¡nchez â€“ PatronÃ­mico de Sancho"
"6.	MartÃ­nez â€“ PatronÃ­mico de MartÃ­n"
"7.	Torres â€“ ToponÃ­mico (torres/fortes)"
"8.	Flores â€“ ToponÃ­mico/natureza"
"9.	GÃ³mez â€“ PatronÃ­mico de Gome/Gomo"
"10.	Morales â€“ ToponÃ­mico agrÃ­cola"
"11.	Rojas â€“ Descritivo (cor/terra)"
"12.	Castillo â€“ ToponÃ­mico: castelos"
"13.	Rivera â€“ ToponÃ­mico: margem de rio"
"14.	Cruz â€“ Religioso/cristÃ£o"
"15.	Mendoza â€“ ToponÃ­mico basco"
"16.	Herrera â€“ Ocupacional: ferreiro"
"17.	Romero â€“ Peregrino ou planta aromÃ¡tica"
"18.	Vargas â€“ ToponÃ­mico hispÃ¢nico antigo"
"19.	Paredes â€“ ToponÃ­mico urbano"
"20.	CedeÃ±o â€“ ToponÃ­mico espanhol"
"________________________________________"
"ğŸ‡¦ğŸ‡º AUSTRÃLIA"
"1.	Smith â€“ Ocupacional: ferreiro"
"2.	Johnson â€“ PatronÃ­mico: filho de John"
"3.	Williams â€“ PatronÃ­mico: filho de William"
"4.	Brown â€“ Descritivo: cor da pele/cabelo"
"5.	Taylor â€“ Ocupacional: alfaiate"
"6.	Wilson â€“ PatronÃ­mico: filho de Will"
"7.	Anderson â€“ PatronÃ­mico escandinavo"
"8.	Thompson â€“ PatronÃ­mico: filho de Thomas"
"9.	White â€“ Descritivo: cor"
"10.	Martin â€“ Nome pessoal romano/cristÃ£o"
"11.	Harris â€“ PatronÃ­mico de Harry"
"12.	Walker â€“ Ocupacional (tecelagem)"
"13.	Robinson â€“ PatronÃ­mico: filho de Robin"
"14.	Clark â€“ Ocupacional: escrivÃ£o"
"15.	Lewis â€“ Origem normanda"
"16.	Young â€“ Descritivo: â€œjovemâ€"
"17.	King â€“ TÃ­tulo simbÃ³lico"
"18.	Wright â€“ Ocupacional: artesÃ£o"
"19.	Lopez â€“ PatronÃ­mico espanhol (imigraÃ§Ã£o)"
"20.	Nguyen â€“ Vietnamita dinÃ¡stico"
"________________________________________"
"ğŸ‡³ğŸ‡¿ NOVA ZELÃ‚NDIA"
"(ingleses iguais aos da AustrÃ¡lia, abaixo sÃ³ os especÃ­ficos)"
"17.	Patel â€“ Indiano: chefe de vila"
"18.	Singh â€“ Indiano: â€œleÃ£oâ€"
"19.	Ngata â€“ Maori: linhagem tribal"
"20.	Te Rangi â€“ Maori: â€œdo cÃ©uâ€"
"________________________________________"
"ğŸ‡µğŸ‡¬ PAPUA-NOVA GUINÃ‰"
"(Todos sÃ£o tribais/clÃ¢nicos, ligados Ã  terra e ancestral)"
"1.	Kila â€“ Nome de clÃ£"
"2.	Wari â€“ Identidade regional"
"3.	Paita â€“ Nome ancestral"
"4.	Muri â€“ LigaÃ§Ã£o territorial"
"5.	Garo â€“ ClÃ£ tradicional"
"6.	Lowa â€“ FamÃ­lia tribal"
"7.	Tago â€“ Nome ancestral"
"8.	Doi â€“ ClÃ£ local"
"9.	Kopa â€“ Nome cerimonial"
"10.	Sipa â€“ Identidade tribal"
"11.	Henao â€“ InfluÃªncia colonial"
"12.	Buka â€“ RegiÃ£o/clÃ£"
"13.	Momo â€“ Nome ancestral"
"14.	Luma â€“ TerritÃ³rio"
"15.	Yano â€“ ClÃ£"
"16.	Raka â€“ Nome ritual"
"17.	Wame â€“ FamÃ­lia ancestral"
"18.	Kuri â€“ ClÃ£"
"19.	Bina â€“ TopÃ´nimo tribal"
"20.	Aro â€“ Nome ancestral"
"________________________________________"
"ğŸ‡«ğŸ‡¯ FIJI"
"1.	Singh â€“ Indiano: â€œleÃ£oâ€"
"2.	Kumar â€“ Indiano: â€œjovemâ€"
"3.	Prasad â€“ Religioso hindu"
"4.	Patel â€“ Chefe comunitÃ¡rio"
"5.	Sharma â€“ Casta sacerdotal"
"6.	Lal â€“ Afetivo: â€œqueridoâ€"
"7.	Chand â€“ â€œLuaâ€"
"8.	Naidu â€“ TÃ­tulo administrativo"
"9.	Ram â€“ Deus hindu"
"10.	Devi â€“ Feminino divino"
"11.	Koroi â€“ Fijiano nativo"
"12.	Naisoro â€“ ClÃ£ local"
"13.	Vula â€“ Nome tradicional"
"14.	Ratu â€“ TÃ­tulo de nobreza"
"15.	Tui â€“ Chefe supremo"
"16.	Navuso â€“ TerritÃ³rio"
"17.	Seru â€“ Nome ancestral"
"18.	Bale â€“ ClÃ£"
"19.	Vatu â€“ â€œPedraâ€"
"20.	Kalou â€“ â€œDeusâ€"
"________________________________________"
"ğŸŸ¡ ORIENTE MÃ‰DIO"
"(padrÃ£o: clÃ£, tribo, religiÃ£o ou local de origem)"
"ğŸ‡®ğŸ‡± ISRAEL"
"1.	Cohen â€“ Sacerdotal judaico"
"2.	Levy â€“ Tribo de Levi"
"3.	Mizrahi â€“ Judeu oriental"
"4.	Peretz â€“ BÃ­blico"
"5.	Friedman â€“ Europeu judeu"
"6.	Rosenberg â€“ ToponÃ­mico alemÃ£o"
"7.	Katz â€“ AcrÃ´nimo sacerdotal"
"8.	Shapiro â€“ Cidade europeia"
"9.	Goldstein â€“ AlemÃ£o-judeu"
"10.	Weiss â€“ â€œBrancoâ€"
"11.	Ben-Ami â€“ â€œFilho do meu povoâ€"
"12.	Barak â€“ â€œRelÃ¢mpagoâ€"
"13.	Ben-David â€“ â€œFilho de Daviâ€"
"14.	Azulay â€“ Sefardita"
"15.	Dayan â€“ Juiz"
"16.	Rabin â€“ Rabino"
"17.	Golan â€“ RegiÃ£o geogrÃ¡fica"
"18.	Adler â€“ â€œÃguiaâ€"
"19.	Stern â€“ â€œEstrelaâ€"
"20.	Abramov â€“ PatronÃ­mico eslavo"
"(Palestina, LÃ­bano, SÃ­ria, JordÃ¢nia, ArÃ¡bia Saudita e EAU seguem o mesmo padrÃ£o: clÃ£ + tribo + â€œAl-â€ = â€œda famÃ­lia deâ€)"
""
"ğŸ‡µğŸ‡¸ PALESTINA"
"1.	Khalil â€“ PatronÃ­mico: â€œamigo Ã­ntimoâ€; nome honorÃ­fico islÃ¢mico"
"2.	Nassar â€“ Ocupacional: â€œaquele que ajuda/venceâ€"
"3.	Darwish â€“ Religioso/social: dervixe, pessoa humilde"
"4.	Abu-Zayd â€“ PatronÃ­mico: â€œpai de Zaydâ€ (linhagem)"
"5.	Barghouti â€“ ClÃ£ histÃ³rico da CisjordÃ¢nia"
"6.	Hamdan â€“ Tribal: descendentes de Hamdan"
"7.	Saleh â€“ Religioso: â€œjusto, virtuosoâ€"
"8.	Masri â€“ ToponÃ­mico: â€œdo Egitoâ€"
"9.	Tamimi â€“ Tribal: tribo Banu Tamim"
"10.	Shami â€“ ToponÃ­mico: â€œdo Levante (Sham)â€"
"11.	Qassam â€“ Ocupacional/religioso: distribuidor ou combatente"
"12.	Jaber â€“ PatronÃ­mico: â€œaquele que fortaleceâ€"
"13.	Awad â€“ PatronÃ­mico: â€œcompensaÃ§Ã£o, retornoâ€"
"14.	Yasin â€“ Religioso: nome corÃ¢nico"
"15.	Sabbah â€“ Ocupacional: â€œfabricante de sabÃ£oâ€"
"16.	Kanaan â€“ BÃ­blico/territorial: CanaÃ£"
"17.	Arafat â€“ ToponÃ­mico/religioso (Monte Arafat)"
"18.	Issa â€“ Religioso: Jesus no IslÃ£"
"19.	Odeh â€“ PatronÃ­mico: â€œretornoâ€"
"20.	Zayyad â€“ PatronÃ­mico: â€œabundÃ¢nciaâ€"
"________________________________________"
"ğŸ‡±ğŸ‡§ LÃBANO"
"1.	Haddad â€“ Ocupacional: ferreiro"
"2.	Khoury â€“ Religioso cristÃ£o: padre"
"3.	Saab â€“ Tribal antigo do Levante"
"4.	Farah â€“ Descritivo: â€œalegriaâ€"
"5.	Daher â€“ Descritivo: â€œevidenteâ€"
"6.	Nassar â€“ Ocupacional: ajudante/defensor"
"7.	Saliba â€“ CristÃ£o: relacionado Ã  cruz"
"8.	Ghosn â€“ Descritivo: â€œgalho, ramoâ€"
"9.	Chalhoub â€“ ToponÃ­mico libanÃªs"
"10.	Yazbek â€“ Origem turco-otomana"
"11.	Fakhoury â€“ Ocupacional: oleiro"
"12.	Tannous â€“ CristÃ£o: variante de AntÃ´nio"
"13.	Sayegh â€“ Ocupacional: ourives"
"14.	Rached â€“ Descritivo: â€œguiadoâ€"
"15.	Karam â€“ Moral: generosidade"
"16.	Malouf â€“ Descritivo: â€œamigÃ¡velâ€"
"17.	Matar â€“ Nome pessoal antigo"
"18.	Hobeika â€“ ClÃ£ maronita"
"19.	Aoun â€“ Militar/histÃ³rico"
"20.	Harb â€“ Tribal: â€œguerraâ€"
"________________________________________"
"ğŸ‡¸ğŸ‡¾ SÃRIA"
"1.	Assad â€“ Descritivo: â€œleÃ£oâ€"
"2.	Haddad â€“ Ocupacional: ferreiro"
"3.	Khalil â€“ HonorÃ­fico religioso"
"4.	Darwish â€“ Religioso/social"
"5.	Saleh â€“ Virtude religiosa"
"6.	Hamdan â€“ Tribal"
"7.	Masri â€“ Origem egÃ­pcia"
"8.	Shami â€“ Levantino"
"9.	Sabbagh â€“ Ocupacional: tintureiro"
"10.	Nasser â€“ Descritivo: â€œvitoriosoâ€"
"11.	Fares â€“ Descritivo: cavaleiro"
"12.	Barakat â€“ Descritivo: â€œbÃªnÃ§Ã£osâ€"
"13.	Youssef â€“ BÃ­blico/corÃ¢nico"
"14.	Kanaan â€“ Territorial antigo"
"15.	Ismail â€“ Patriarcal bÃ­blico"
"16.	Omran â€“ BÃ­blico/islÃ¢mico"
"17.	Taha â€“ CorÃ¢nico"
"18.	Ramadan â€“ Religioso/calendÃ¡rio"
"19.	Habib â€“ Afetivo: â€œamadoâ€"
"20.	Zaki â€“ Moral: â€œpuroâ€"
"________________________________________"
"ğŸ‡¯ğŸ‡´ JORDÃ‚NIA"
"1.	Haddad â€“ Ferreiro"
"2.	Khalil â€“ HonorÃ­fico religioso"
"3.	Nassar â€“ Ajudante/defensor"
"4.	Masri â€“ Origem egÃ­pcia"
"5.	Hamdan â€“ Tribal"
"6.	Saleh â€“ Virtude"
"7.	Abbas â€“ Ancestral islÃ¢mico"
"8.	Zahran â€“ Tribal/descritivo"
"9.	Odeh â€“ Retorno"
"10.	Shami â€“ Levante"
"11.	Jaber â€“ Aquele que fortalece"
"12.	Fakhoury â€“ Oleiro"
"13.	Issa â€“ Jesus no IslÃ£"
"14.	Qasem â€“ Distribuidor"
"15.	Darwish â€“ Religioso"
"16.	Mansour â€“ â€œvitoriosoâ€"
"17.	Barakat â€“ BÃªnÃ§Ã£os"
"18.	Ayyoub â€“ BÃ­blico (JÃ³)"
"19.	Abu-Rasheed â€“ PatronÃ­mico"
"20.	Salameh â€“ â€œpazâ€"
"________________________________________"
"ğŸ‡¸ğŸ‡¦ ARÃBIA SAUDITA"
"(todos sÃ£o tribais, â€œAl-â€ = â€œda famÃ­lia deâ€)"
"1.	Al-Saud â€“ Dinastia governante"
"2.	Al-Sheikh â€“ Linhagem religiosa"
"3.	Al-Harbi â€“ Tribo Harb"
"4.	Al-Qahtani â€“ Tribos do sul"
"5.	Al-Otaibi â€“ Tribo Otaibah"
"6.	Al-Zahrani â€“ Tribo Zahran"
"7.	Al-Mutairi â€“ Tribo Mutair"
"8.	Al-Dosari â€“ Tribo Dawsar"
"9.	Al-Shammari â€“ Tribo Shammar"
"10.	Al-Anazi â€“ Tribo Anaza"
"11.	Al-Rashid â€“ Dinastia histÃ³rica"
"12.	Al-Fahad â€“ Descritivo: leopardo"
"13.	Al-Mansour â€“ Vitorioso"
"14.	Al-Salem â€“ Paz"
"15.	Al-Hassan â€“ DescendÃªncia do profeta"
"16.	Al-Yami â€“ Tribo Yam"
"17.	Al-Ghamdi â€“ Tribo Ghamid"
"18.	Al-Bishi â€“ ToponÃ­mico"
"19.	Al-Sulaiman â€“ BÃ­blico"
"20.	Al-Bakr â€“ Tribal antigo"
"________________________________________"
"ğŸ‡¦ğŸ‡ª EMIRADOS ÃRABES UNIDOS"
"1.	Al-Nahyan â€“ FamÃ­lia real de Abu Dhabi"
"2.	Al-Maktoum â€“ FamÃ­lia real de Dubai"
"3.	Al-Qasimi â€“ Dinastia de Sharjah"
"4.	Al-Nuaimi â€“ Tribo histÃ³rica"
"5.	Al-Sharqi â€“ FamÃ­lia governante de Fujairah"
"6.	Al-Mazrouei â€“ Tribo Ã¡rabe"
"7.	Al-Suwaidi â€“ ClÃ£ beduÃ­no"
"8.	Al-Balushi â€“ Origem balÃºchi"
"9.	Al-Zaabi â€“ Tribo Zaab"
"10.	Al-Shamsi â€“ â€œdo solâ€"
"11.	Al-Ketbi â€“ Tribo Katbi"
"12.	Al-Mansoori â€“ Vitorioso"
"13.	Al-Hammadi â€“ Tribo Hammadi"
"14.	Al-Shehhi â€“ Tribo montanhosa"
"15.	Al-Falasi â€“ ClÃ£ histÃ³rico"
"16.	Al-Ameri â€“ Tribo Amir"
"17.	Al-Kindi â€“ Tribo Kindah"
"18.	Al-Dhaheri â€“ ToponÃ­mico"
"19.	Al-Rashdi â€“ Orientado/justo"
"20.	Al-Sayegh â€“ Ourives"
"ğŸ‡¶ğŸ‡¦ CATAR"
"(â€œAl-â€ = â€œda famÃ­lia / do clÃ£ deâ€)"
"1.	Al-Thani â€“ FamÃ­lia real do Catar; clÃ£ Bani Tamim"
"2.	Al-Mahmoud â€“ PatronÃ­mico: â€œdescendente de Mahmoudâ€"
"3.	Al-Sulaiti â€“ Tribo Sulait, origem beduÃ­na"
"4.	Al-Kaabi â€“ Tribo Kaab, muito antiga no Golfo"
"5.	Al-Dosari â€“ Tribo Dawsar"
"6.	Al-Mannai â€“ ClÃ£ catariano tradicional"
"7.	Al-Kuwari â€“ Tribo Bani Kaab (regiÃ£o de Al-Khor)"
"8.	Al-Attiyah â€“ PatronÃ­mico: â€œdoador/concedenteâ€"
"9.	Al-Hajri â€“ Tribo Hajer"
"10.	Al-Ansari â€“ Descendentes dos Ansar (companheiros do Profeta)"
"11.	Al-Buainain â€“ ClÃ£ tribal do Golfo"
"12.	Al-Hassan â€“ DescendÃªncia do nome Hassan (linhagem nobre)"
"13.	Al-Sayed â€“ TÃ­tulo honorÃ­fico: descendÃªncia do Profeta"
"14.	Al-Bakri â€“ LigaÃ§Ã£o histÃ³rica a Abu Bakr"
"15.	Al-Khalifa â€“ Dinastia governante do Bahrein"
"16.	Al-Emadi â€“ ClÃ£ tribal regional"
"17.	Al-Marri â€“ Tribo Al-Murrah"
"18.	Al-Obaidly â€“ PatronÃ­mico: â€œservo de Deusâ€"
"19.	Al-Abdullah â€“ PatronÃ­mico religioso"
"20.	Al-Rashid â€“ â€œreto/orientadoâ€; clÃ£ histÃ³rico"
"________________________________________"
"ğŸ‡°ğŸ‡¼ KUWAIT"
"1.	Al-Sabah â€“ FamÃ­lia real do Kuwait"
"2.	Al-Ghanim â€“ FamÃ­lia mercantil histÃ³rica"
"3.	Al-Mutairi â€“ Tribo Mutair"
"4.	Al-Dosari â€“ Tribo Dawsar"
"5.	Al-Rashid â€“ Dinastia histÃ³rica rival dos Saud"
"6.	Al-Saleh â€“ Virtude religiosa: â€œjustoâ€"
"7.	Al-Hajri â€“ Tribo Hajer"
"8.	Al-Zahrani â€“ Tribo Zahran"
"9.	Al-Shammari â€“ Tribo Shammar"
"10.	Al-Qahtani â€“ Tribos do sul da ArÃ¡bia"
"11.	Al-Fahad â€“ Descritivo: â€œleopardoâ€"
"12.	Al-Mansour â€“ â€œvitoriosoâ€"
"13.	Al-Khaled â€“ â€œeternoâ€"
"14.	Al-Sulaiman â€“ BÃ­blico: SalomÃ£o"
"15.	Al-Bakr â€“ Tribo antiga Ã¡rabe"
"16.	Al-Otaibi â€“ Tribo Otaibah"
"17.	Al-Hassan â€“ Linhagem nobre"
"18.	Al-Nasser â€“ â€œaquele que venceâ€"
"19.	Al-Awadhi â€“ PatronÃ­mico: â€œsubstituiÃ§Ã£o/recompensaâ€"
"20.	Al-Ameri â€“ Tribo Amir"
"________________________________________"
"ğŸ‡´ğŸ‡² OMÃƒ"
"(estrutura tribal + influÃªncia persa/africana)"
"1.	Al-Said â€“ FamÃ­lia real de OmÃ£"
"2.	Al-Harthy â€“ Tribo Harith"
"3.	Al-Balushi â€“ Origem balÃºchi (IrÃ£/PaquistÃ£o)"
"4.	Al-Hinai â€“ Tribo Hinawi"
"5.	Al-Rashdi â€“ â€œreto/orientadoâ€"
"6.	Al-Amri â€“ Tribo Amir"
"7.	Al-Maqbali â€“ ClÃ£ regional"
"8.	Al-Shukaili â€“ Tribo Shukail"
"9.	Al-Yahyai â€“ PatronÃ­mico de Yahya"
"10.	Al-Kindi â€“ Tribo histÃ³rica Kindah"
"11.	Al-Farsi â€“ â€œpersaâ€ (origem iraniana)"
"12.	Al-Busaidi â€“ Dinastia governante"
"13.	Al-Alawi â€“ DescendÃªncia de Ali"
"14.	Al-Zadjali â€“ ClÃ£ tribal"
"15.	Al-Habsi â€“ Origem africana/etÃ­ope"
"16.	Al-Salmi â€“ Tribo Salim"
"17.	Al-Rawahi â€“ RegiÃ£o montanhosa"
"18.	Al-Mahrouqi â€“ ClÃ£ do interior"
"19.	Al-Nabhani â€“ Dinastia medieval de OmÃ£"
"20.	Al-Sulaimi â€“ Tribo Sulaym"
"________________________________________"
"ğŸ‡®ğŸ‡· IRÃƒ"
"(sobrenomes persas + patronÃ­micos religiosos)"
"1.	Hosseini â€“ Descendente de Hussein"
"2.	Mohammadi â€“ Descendente de Mohammad"
"3.	Ahmadi â€“ Descendente de Ahmad"
"4.	Rezaei â€“ Ligado ao ImÃ£ Reza"
"5.	Karimi â€“ â€œgenerosoâ€"
"6.	Rahimi â€“ â€œmisericordiosoâ€"
"7.	Moradi â€“ PatronÃ­mico de Murad"
"8.	Ghasemi â€“ Ligado a Qasim"
"9.	Ebrahimi â€“ BÃ­blico: AbraÃ£o"
"10.	Shiri â€“ Descritivo/regional"
"11.	Kiani â€“ Dinastia persa antiga"
"12.	Farhadi â€“ â€œalegria/glÃ³riaâ€"
"13.	Movahedi â€“ â€œmonoteÃ­staâ€"
"14.	Soleimani â€“ Ligado a SalomÃ£o"
"15.	Yazdani â€“ Origem da cidade de Yazd"
"16.	Azizi â€“ â€œqueridoâ€"
"17.	Tabrizi â€“ De Tabriz"
"18.	Fard â€“ â€œÃºnicoâ€"
"19.	Mahmoudi â€“ PatronÃ­mico de Mahmoud"
"20.	Zand â€“ Tribo/dinastia persa"
"________________________________________"
"ğŸ‡®ğŸ‡¶ IRAQUE"
"(tribo + cidade + religiÃ£o)"
"1.	Al-Hassan â€“ DescendÃªncia de Hassan"
"2.	Al-Jabouri â€“ Tribo Jabbur"
"3.	Al-Obeidi â€“ Tribo Ubaid"
"4.	Al-Tamimi â€“ Tribo Banu Tamim"
"5.	Al-Dulaimi â€“ Tribo Dulaim"
"6.	Al-Kazemi â€“ LigaÃ§Ã£o ao ImÃ£ Musa al-Kazim"
"7.	Al-Baghdadi â€“ De BagdÃ¡"
"8.	Al-Samarrai â€“ De Samarra"
"9.	Al-Tikriti â€“ De Tikrit"
"10.	Al-Rashid â€“ â€œreto/orientadoâ€"
"11.	Al-Mosawi â€“ Descendente de Musa"
"12.	Al-Najafi â€“ De Najaf"
"13.	Al-Basri â€“ De Basra"
"14.	Al-Fahad â€“ Descritivo: leopardo"
"15.	Al-Maliki â€“ Escola jurÃ­dica Maliki"
"16.	Al-Karim â€“ â€œgenerosoâ€"
"17.	Al-Qadiri â€“ Ordem sufi Qadiri"
"18.	Al-Shammari â€“ Tribo Shammar"
"19.	Al-Haidari â€“ Ligado a Ali (â€œleÃ£oâ€)"
"20.	Al-Askari â€“ Ligado a santuÃ¡rio militar/religioso"
""
